INFO 2025-09-22 01:47:37,766 autoreload Watching for file changes with StatReloader
INFO 2025-09-22 01:47:52,554 autoreload C:\Users\jomas\Desktop\goo_school\school\settings.py changed, reloading.
INFO 2025-09-22 01:47:53,333 autoreload Watching for file changes with StatReloader
INFO 2025-09-22 01:52:51,136 autoreload C:\Users\jomas\Desktop\goo_school\school\settings.py changed, reloading.
INFO 2025-11-18 04:46:12,243 autoreload Watching for file changes with StatReloader
INFO 2025-11-18 04:46:16,819 authentication_backends Établissement trouvé: oyonoeffe@gmail.com
INFO 2025-11-18 04:46:16,820 middleware [MIDDLEWARE] Path: /, User: Blaise pascal (École Primaire), Authenticated: True
INFO 2025-11-18 04:46:16,821 basehttp "GET / HTTP/1.1" 302 0
INFO 2025-11-18 04:46:17,012 authentication_backends Établissement trouvé: oyonoeffe@gmail.com
INFO 2025-11-18 04:46:17,012 middleware [MIDDLEWARE] Path: /dashboard/directeur/, User: Blaise pascal (École Primaire), Authenticated: True
INFO 2025-11-18 04:46:17,190 basehttp "GET /dashboard/directeur/ HTTP/1.1" 200 23399
INFO 2025-11-18 04:46:17,568 middleware [MIDDLEWARE] Path: /manifest.json, User: AnonymousUser, Authenticated: False
INFO 2025-11-18 04:46:17,570 basehttp "GET /manifest.json HTTP/1.1" 200 1880
INFO 2025-11-18 04:46:17,719 authentication_backends Établissement trouvé: oyonoeffe@gmail.com
INFO 2025-11-18 04:46:17,720 middleware [MIDDLEWARE] Path: /firebase-messaging-sw.js, User: Blaise pascal (École Primaire), Authenticated: True
INFO 2025-11-18 04:46:17,721 basehttp "GET /firebase-messaging-sw.js HTTP/1.1" 200 2330
INFO 2025-11-18 04:46:17,843 authentication_backends Établissement trouvé: oyonoeffe@gmail.com
INFO 2025-11-18 04:46:17,844 middleware [MIDDLEWARE] Path: /firebase-messaging-sw.js, User: Blaise pascal (École Primaire), Authenticated: True
INFO 2025-11-18 04:46:17,844 basehttp "GET /firebase-messaging-sw.js HTTP/1.1" 200 2330
INFO 2025-11-18 04:46:17,858 authentication_backends Établissement trouvé: oyonoeffe@gmail.com
INFO 2025-11-18 04:46:17,859 middleware [MIDDLEWARE] Path: /service-worker.js, User: Blaise pascal (École Primaire), Authenticated: True
INFO 2025-11-18 04:46:17,860 basehttp "GET /service-worker.js HTTP/1.1" 200 11843
INFO 2025-11-18 04:46:17,861 authentication_backends Établissement trouvé: oyonoeffe@gmail.com
INFO 2025-11-18 04:46:17,861 middleware [MIDDLEWARE] Path: /api/fcm/save-token/, User: Blaise pascal (École Primaire), Authenticated: True
INFO 2025-11-18 04:46:17,876 fcm_views Token FCM mis à jour pour Blaise pascal (École Primaire)
INFO 2025-11-18 04:46:17,877 basehttp "POST /api/fcm/save-token/ HTTP/1.1" 200 88
INFO 2025-11-18 04:46:17,958 authentication_backends Établissement trouvé: oyonoeffe@gmail.com
INFO 2025-11-18 04:46:17,959 middleware [MIDDLEWARE] Path: /, User: Blaise pascal (École Primaire), Authenticated: True
INFO 2025-11-18 04:46:17,961 basehttp "GET / HTTP/1.1" 302 0
INFO 2025-11-18 04:46:17,966 authentication_backends Établissement trouvé: oyonoeffe@gmail.com
INFO 2025-11-18 04:46:17,968 middleware [MIDDLEWARE] Path: /dashboard/directeur/, User: Blaise pascal (École Primaire), Authenticated: True
INFO 2025-11-18 04:46:17,980 authentication_backends Établissement trouvé: oyonoeffe@gmail.com
INFO 2025-11-18 04:46:17,982 middleware [MIDDLEWARE] Path: /static/school_admin/img/logo.png, User: Blaise pascal (École Primaire), Authenticated: True
WARNING 2025-11-18 04:46:17,991 log Not Found: /static/school_admin/img/logo.png
WARNING 2025-11-18 04:46:17,994 basehttp "GET /static/school_admin/img/logo.png HTTP/1.1" 404 179
INFO 2025-11-18 04:46:18,116 basehttp "GET /dashboard/directeur/ HTTP/1.1" 200 23399
INFO 2025-11-18 04:46:18,161 authentication_backends Établissement trouvé: oyonoeffe@gmail.com
INFO 2025-11-18 04:46:18,161 middleware [MIDDLEWARE] Path: /service-worker.js, User: Blaise pascal (École Primaire), Authenticated: True
INFO 2025-11-18 04:46:18,162 basehttp "GET /service-worker.js HTTP/1.1" 200 11843
INFO 2025-11-18 04:46:19,044 authentication_backends Établissement trouvé: oyonoeffe@gmail.com
INFO 2025-11-18 04:46:19,045 middleware [MIDDLEWARE] Path: /dashboard/directeur/, User: Blaise pascal (École Primaire), Authenticated: True
INFO 2025-11-18 04:46:19,175 basehttp "GET /dashboard/directeur/ HTTP/1.1" 200 23399
INFO 2025-11-18 04:46:19,444 authentication_backends Établissement trouvé: oyonoeffe@gmail.com
INFO 2025-11-18 04:46:19,444 middleware [MIDDLEWARE] Path: /service-worker.js, User: Blaise pascal (École Primaire), Authenticated: True
INFO 2025-11-18 04:46:19,446 basehttp "GET /service-worker.js HTTP/1.1" 200 11843
INFO 2025-11-18 04:46:50,983 authentication_backends Établissement trouvé: oyonoeffe@gmail.com
INFO 2025-11-18 04:46:50,983 middleware [MIDDLEWARE] Path: /service-worker.js, User: Blaise pascal (École Primaire), Authenticated: True
INFO 2025-11-18 04:46:50,984 basehttp "GET /service-worker.js HTTP/1.1" 200 11843
INFO 2025-11-18 04:46:51,413 authentication_backends Eleve trouvé: bp2025006@eleve.blaisepascal.sn
INFO 2025-11-18 04:46:51,414 middleware [MIDDLEWARE] Path: /service-worker.js, User: Lamine Coly (BP2025006), Authenticated: True
INFO 2025-11-18 04:46:51,415 basehttp "GET /service-worker.js HTTP/1.1" 200 11843
INFO 2025-11-18 04:47:17,964 authentication_backends Établissement trouvé: oyonoeffe@gmail.com
INFO 2025-11-18 04:47:17,965 middleware [MIDDLEWARE] Path: /service-worker.js, User: Blaise pascal (École Primaire), Authenticated: True
INFO 2025-11-18 04:47:17,966 basehttp "GET /service-worker.js HTTP/1.1" 200 11843
INFO 2025-11-18 04:47:50,978 authentication_backends Établissement trouvé: oyonoeffe@gmail.com
INFO 2025-11-18 04:47:50,979 middleware [MIDDLEWARE] Path: /service-worker.js, User: Blaise pascal (École Primaire), Authenticated: True
INFO 2025-11-18 04:47:50,980 basehttp "GET /service-worker.js HTTP/1.1" 200 11843
INFO 2025-11-18 04:47:50,982 authentication_backends Eleve trouvé: bp2025006@eleve.blaisepascal.sn
INFO 2025-11-18 04:47:50,982 middleware [MIDDLEWARE] Path: /service-worker.js, User: Lamine Coly (BP2025006), Authenticated: True
INFO 2025-11-18 04:47:50,983 basehttp "GET /service-worker.js HTTP/1.1" 200 11843
INFO 2025-11-18 04:48:17,974 authentication_backends Établissement trouvé: oyonoeffe@gmail.com
INFO 2025-11-18 04:48:17,974 middleware [MIDDLEWARE] Path: /service-worker.js, User: Blaise pascal (École Primaire), Authenticated: True
INFO 2025-11-18 04:48:17,976 basehttp "GET /service-worker.js HTTP/1.1" 200 11843
INFO 2025-11-18 04:48:48,158 authentication_backends Établissement trouvé: oyonoeffe@gmail.com
INFO 2025-11-18 04:48:48,158 middleware [MIDDLEWARE] Path: /dashboard/directeur/, User: Blaise pascal (École Primaire), Authenticated: True
INFO 2025-11-18 04:48:48,275 basehttp "GET /dashboard/directeur/ HTTP/1.1" 200 23399
INFO 2025-11-18 04:48:48,514 authentication_backends Établissement trouvé: oyonoeffe@gmail.com
INFO 2025-11-18 04:48:48,515 middleware [MIDDLEWARE] Path: /firebase-messaging-sw.js, User: Blaise pascal (École Primaire), Authenticated: True
INFO 2025-11-18 04:48:48,515 basehttp "GET /firebase-messaging-sw.js HTTP/1.1" 200 2330
INFO 2025-11-18 04:48:48,521 authentication_backends Établissement trouvé: oyonoeffe@gmail.com
INFO 2025-11-18 04:48:48,521 middleware [MIDDLEWARE] Path: /static/school_admin/img/icons/icon-32x32.png, User: Blaise pascal (École Primaire), Authenticated: True
WARNING 2025-11-18 04:48:48,525 log Not Found: /static/school_admin/img/icons/icon-32x32.png
WARNING 2025-11-18 04:48:48,526 basehttp "GET /static/school_admin/img/icons/icon-32x32.png HTTP/1.1" 404 179
INFO 2025-11-18 04:48:48,602 authentication_backends Établissement trouvé: oyonoeffe@gmail.com
INFO 2025-11-18 04:48:48,602 middleware [MIDDLEWARE] Path: /static/school_admin/img/icons/icon-16x16.png, User: Blaise pascal (École Primaire), Authenticated: True
WARNING 2025-11-18 04:48:48,604 log Not Found: /static/school_admin/img/icons/icon-16x16.png
WARNING 2025-11-18 04:48:48,604 basehttp "GET /static/school_admin/img/icons/icon-16x16.png HTTP/1.1" 404 179
INFO 2025-11-18 04:48:48,618 authentication_backends Établissement trouvé: oyonoeffe@gmail.com
INFO 2025-11-18 04:48:48,619 middleware [MIDDLEWARE] Path: /api/fcm/save-token/, User: Blaise pascal (École Primaire), Authenticated: True
INFO 2025-11-18 04:48:48,623 authentication_backends Établissement trouvé: oyonoeffe@gmail.com
INFO 2025-11-18 04:48:48,624 fcm_views Token FCM mis à jour pour Blaise pascal (École Primaire)
INFO 2025-11-18 04:48:48,624 middleware [MIDDLEWARE] Path: /service-worker.js, User: Blaise pascal (École Primaire), Authenticated: True
INFO 2025-11-18 04:48:48,626 basehttp "POST /api/fcm/save-token/ HTTP/1.1" 200 88
INFO 2025-11-18 04:48:48,626 basehttp "GET /service-worker.js HTTP/1.1" 200 11843
INFO 2025-11-18 04:48:48,724 authentication_backends Établissement trouvé: oyonoeffe@gmail.com
INFO 2025-11-18 04:48:48,726 middleware [MIDDLEWARE] Path: /, User: Blaise pascal (École Primaire), Authenticated: True
INFO 2025-11-18 04:48:48,727 basehttp "GET / HTTP/1.1" 302 0
INFO 2025-11-18 04:48:48,728 authentication_backends Établissement trouvé: oyonoeffe@gmail.com
INFO 2025-11-18 04:48:48,730 middleware [MIDDLEWARE] Path: /dashboard/directeur/, User: Blaise pascal (École Primaire), Authenticated: True
INFO 2025-11-18 04:48:48,733 authentication_backends Établissement trouvé: oyonoeffe@gmail.com
INFO 2025-11-18 04:48:48,734 middleware [MIDDLEWARE] Path: /static/school_admin/img/logo.png, User: Blaise pascal (École Primaire), Authenticated: True
WARNING 2025-11-18 04:48:48,737 log Not Found: /static/school_admin/img/logo.png
WARNING 2025-11-18 04:48:48,738 basehttp "GET /static/school_admin/img/logo.png HTTP/1.1" 404 179
INFO 2025-11-18 04:48:48,879 basehttp "GET /dashboard/directeur/ HTTP/1.1" 200 23399
INFO 2025-11-18 04:48:49,815 authentication_backends Établissement trouvé: oyonoeffe@gmail.com
INFO 2025-11-18 04:48:49,816 middleware [MIDDLEWARE] Path: /dashboard/directeur/, User: Blaise pascal (École Primaire), Authenticated: True
INFO 2025-11-18 04:48:49,924 basehttp "GET /dashboard/directeur/ HTTP/1.1" 200 23399
INFO 2025-11-18 04:48:50,164 authentication_backends Établissement trouvé: oyonoeffe@gmail.com
INFO 2025-11-18 04:48:50,164 middleware [MIDDLEWARE] Path: /service-worker.js, User: Blaise pascal (École Primaire), Authenticated: True
INFO 2025-11-18 04:48:50,165 basehttp "GET /service-worker.js HTTP/1.1" 200 11843
INFO 2025-11-18 04:48:50,991 authentication_backends Établissement trouvé: oyonoeffe@gmail.com
INFO 2025-11-18 04:48:50,991 middleware [MIDDLEWARE] Path: /service-worker.js, User: Blaise pascal (École Primaire), Authenticated: True
INFO 2025-11-18 04:48:50,993 basehttp "GET /service-worker.js HTTP/1.1" 200 11843
INFO 2025-11-18 04:48:50,996 authentication_backends Eleve trouvé: bp2025006@eleve.blaisepascal.sn
INFO 2025-11-18 04:48:50,997 middleware [MIDDLEWARE] Path: /service-worker.js, User: Lamine Coly (BP2025006), Authenticated: True
INFO 2025-11-18 04:48:50,998 basehttp "GET /service-worker.js HTTP/1.1" 200 11843
INFO 2025-11-18 04:48:52,506 authentication_backends Établissement trouvé: oyonoeffe@gmail.com
INFO 2025-11-18 04:48:52,507 middleware [MIDDLEWARE] Path: /dashboard/directeur/, User: Blaise pascal (École Primaire), Authenticated: True
INFO 2025-11-18 04:48:52,632 basehttp "GET /dashboard/directeur/ HTTP/1.1" 200 23399
INFO 2025-11-18 04:48:52,778 authentication_backends Établissement trouvé: oyonoeffe@gmail.com
INFO 2025-11-18 04:48:52,779 middleware [MIDDLEWARE] Path: /static/school_admin/js/pwa.js, User: Blaise pascal (École Primaire), Authenticated: True
WARNING 2025-11-18 04:48:52,783 log Not Found: /static/school_admin/js/pwa.js
WARNING 2025-11-18 04:48:52,783 basehttp "GET /static/school_admin/js/pwa.js HTTP/1.1" 404 179
INFO 2025-11-18 04:48:52,792 authentication_backends Établissement trouvé: oyonoeffe@gmail.com
INFO 2025-11-18 04:48:52,793 authentication_backends Établissement trouvé: oyonoeffe@gmail.com
INFO 2025-11-18 04:48:52,793 middleware [MIDDLEWARE] Path: /static/school_admin/css/directeur/dashboard_directeur.css, User: Blaise pascal (École Primaire), Authenticated: True
WARNING 2025-11-18 04:48:52,798 log Not Found: /static/school_admin/css/directeur/dashboard_directeur.css
INFO 2025-11-18 04:48:52,802 middleware [MIDDLEWARE] Path: /static/school_admin/css/fcm_notifications.css, User: Blaise pascal (École Primaire), Authenticated: True
INFO 2025-11-18 04:48:52,803 authentication_backends Établissement trouvé: oyonoeffe@gmail.com
WARNING 2025-11-18 04:48:52,806 log Not Found: /static/school_admin/css/fcm_notifications.css
WARNING 2025-11-18 04:48:52,809 basehttp "GET /static/school_admin/css/directeur/dashboard_directeur.css HTTP/1.1" 404 179
WARNING 2025-11-18 04:48:52,809 basehttp "GET /static/school_admin/css/fcm_notifications.css HTTP/1.1" 404 179
INFO 2025-11-18 04:48:52,809 middleware [MIDDLEWARE] Path: /static/school_admin/css/directeur/header_directeur.css, User: Blaise pascal (École Primaire), Authenticated: True
WARNING 2025-11-18 04:48:52,817 log Not Found: /static/school_admin/css/directeur/header_directeur.css
INFO 2025-11-18 04:48:52,825 authentication_backends Établissement trouvé: oyonoeffe@gmail.com
INFO 2025-11-18 04:48:52,825 authentication_backends Établissement trouvé: oyonoeffe@gmail.com
INFO 2025-11-18 04:48:52,825 middleware [MIDDLEWARE] Path: /static/school_admin/img/logo.png, User: Blaise pascal (École Primaire), Authenticated: True
WARNING 2025-11-18 04:48:52,826 basehttp "GET /static/school_admin/css/directeur/header_directeur.css HTTP/1.1" 404 179
WARNING 2025-11-18 04:48:52,829 log Not Found: /static/school_admin/img/logo.png
INFO 2025-11-18 04:48:52,829 middleware [MIDDLEWARE] Path: /static/school_admin/js/directeur/header_directeur.js, User: Blaise pascal (École Primaire), Authenticated: True
WARNING 2025-11-18 04:48:52,836 log Not Found: /static/school_admin/js/directeur/header_directeur.js
WARNING 2025-11-18 04:48:52,836 basehttp "GET /static/school_admin/img/logo.png HTTP/1.1" 404 179
WARNING 2025-11-18 04:48:52,837 basehttp "GET /static/school_admin/js/directeur/header_directeur.js HTTP/1.1" 404 179
INFO 2025-11-18 04:48:52,887 authentication_backends Établissement trouvé: oyonoeffe@gmail.com
INFO 2025-11-18 04:48:52,887 middleware [MIDDLEWARE] Path: /static/school_admin/js/fcm_notifications.js, User: Blaise pascal (École Primaire), Authenticated: True
WARNING 2025-11-18 04:48:52,890 log Not Found: /static/school_admin/js/fcm_notifications.js
WARNING 2025-11-18 04:48:52,891 basehttp "GET /static/school_admin/js/fcm_notifications.js HTTP/1.1" 404 179
INFO 2025-11-18 04:48:52,902 authentication_backends Établissement trouvé: oyonoeffe@gmail.com
INFO 2025-11-18 04:48:52,903 middleware [MIDDLEWARE] Path: /static/school_admin/js/directeur/dashboard_directeur.js, User: Blaise pascal (École Primaire), Authenticated: True
WARNING 2025-11-18 04:48:52,906 log Not Found: /static/school_admin/js/directeur/dashboard_directeur.js
WARNING 2025-11-18 04:48:52,907 basehttp "GET /static/school_admin/js/directeur/dashboard_directeur.js HTTP/1.1" 404 179
INFO 2025-11-18 04:48:53,004 authentication_backends Établissement trouvé: oyonoeffe@gmail.com
INFO 2025-11-18 04:48:53,005 middleware [MIDDLEWARE] Path: /static/school_admin/css/enseignant/bottom_nav.css, User: Blaise pascal (École Primaire), Authenticated: True
WARNING 2025-11-18 04:48:53,010 log Not Found: /static/school_admin/css/enseignant/bottom_nav.css
WARNING 2025-11-18 04:48:53,012 basehttp "GET /static/school_admin/css/enseignant/bottom_nav.css HTTP/1.1" 404 179
INFO 2025-11-18 04:48:53,211 authentication_backends Établissement trouvé: oyonoeffe@gmail.com
INFO 2025-11-18 04:48:53,211 middleware [MIDDLEWARE] Path: /static/school_admin/img/icons/icon-32x32.png, User: Blaise pascal (École Primaire), Authenticated: True
WARNING 2025-11-18 04:48:53,215 log Not Found: /static/school_admin/img/icons/icon-32x32.png
WARNING 2025-11-18 04:48:53,217 basehttp "GET /static/school_admin/img/icons/icon-32x32.png HTTP/1.1" 404 179
INFO 2025-11-18 04:48:53,452 authentication_backends Établissement trouvé: oyonoeffe@gmail.com
INFO 2025-11-18 04:48:53,453 middleware [MIDDLEWARE] Path: /static/school_admin/img/icons/icon-16x16.png, User: Blaise pascal (École Primaire), Authenticated: True
WARNING 2025-11-18 04:48:53,456 log Not Found: /static/school_admin/img/icons/icon-16x16.png
INFO 2025-11-18 04:48:53,456 authentication_backends Établissement trouvé: oyonoeffe@gmail.com
INFO 2025-11-18 04:48:53,457 middleware [MIDDLEWARE] Path: /static/school_admin/img/icons/icon-144x144.png, User: Blaise pascal (École Primaire), Authenticated: True
WARNING 2025-11-18 04:48:53,457 basehttp "GET /static/school_admin/img/icons/icon-16x16.png HTTP/1.1" 404 179
WARNING 2025-11-18 04:48:53,459 log Not Found: /static/school_admin/img/icons/icon-144x144.png
WARNING 2025-11-18 04:48:53,459 basehttp "GET /static/school_admin/img/icons/icon-144x144.png HTTP/1.1" 404 179
INFO 2025-11-18 04:48:54,881 authentication_backends Établissement trouvé: oyonoeffe@gmail.com
INFO 2025-11-18 04:48:54,881 middleware [MIDDLEWARE] Path: /dashboard/directeur/, User: Blaise pascal (École Primaire), Authenticated: True
INFO 2025-11-18 04:48:54,995 basehttp "GET /dashboard/directeur/ HTTP/1.1" 200 23399
INFO 2025-11-18 04:48:55,138 authentication_backends Établissement trouvé: oyonoeffe@gmail.com
INFO 2025-11-18 04:48:55,138 authentication_backends Établissement trouvé: oyonoeffe@gmail.com
INFO 2025-11-18 04:48:55,138 middleware [MIDDLEWARE] Path: /static/school_admin/js/pwa.js, User: Blaise pascal (École Primaire), Authenticated: True
WARNING 2025-11-18 04:48:55,142 log Not Found: /static/school_admin/js/pwa.js
INFO 2025-11-18 04:48:55,143 middleware [MIDDLEWARE] Path: /static/school_admin/css/directeur/dashboard_directeur.css, User: Blaise pascal (École Primaire), Authenticated: True
WARNING 2025-11-18 04:48:55,146 log Not Found: /static/school_admin/css/directeur/dashboard_directeur.css
WARNING 2025-11-18 04:48:55,146 basehttp "GET /static/school_admin/js/pwa.js HTTP/1.1" 404 179
WARNING 2025-11-18 04:48:55,147 basehttp "GET /static/school_admin/css/directeur/dashboard_directeur.css HTTP/1.1" 404 179
INFO 2025-11-18 04:48:55,154 authentication_backends Établissement trouvé: oyonoeffe@gmail.com
INFO 2025-11-18 04:48:55,156 middleware [MIDDLEWARE] Path: /static/school_admin/css/directeur/header_directeur.css, User: Blaise pascal (École Primaire), Authenticated: True
WARNING 2025-11-18 04:48:55,158 log Not Found: /static/school_admin/css/directeur/header_directeur.css
INFO 2025-11-18 04:48:55,159 authentication_backends Établissement trouvé: oyonoeffe@gmail.com
INFO 2025-11-18 04:48:55,159 authentication_backends Établissement trouvé: oyonoeffe@gmail.com
INFO 2025-11-18 04:48:55,160 middleware [MIDDLEWARE] Path: /static/school_admin/img/logo.png, User: Blaise pascal (École Primaire), Authenticated: True
WARNING 2025-11-18 04:48:55,160 basehttp "GET /static/school_admin/css/directeur/header_directeur.css HTTP/1.1" 404 179
WARNING 2025-11-18 04:48:55,164 log Not Found: /static/school_admin/img/logo.png
INFO 2025-11-18 04:48:55,164 middleware [MIDDLEWARE] Path: /static/school_admin/js/directeur/header_directeur.js, User: Blaise pascal (École Primaire), Authenticated: True
WARNING 2025-11-18 04:48:55,167 log Not Found: /static/school_admin/js/directeur/header_directeur.js
WARNING 2025-11-18 04:48:55,170 basehttp "GET /static/school_admin/img/logo.png HTTP/1.1" 404 179
WARNING 2025-11-18 04:48:55,171 basehttp "GET /static/school_admin/js/directeur/header_directeur.js HTTP/1.1" 404 179
INFO 2025-11-18 04:48:55,222 authentication_backends Établissement trouvé: oyonoeffe@gmail.com
INFO 2025-11-18 04:48:55,222 middleware [MIDDLEWARE] Path: /static/school_admin/js/fcm_notifications.js, User: Blaise pascal (École Primaire), Authenticated: True
WARNING 2025-11-18 04:48:55,225 log Not Found: /static/school_admin/js/fcm_notifications.js
INFO 2025-11-18 04:48:55,225 authentication_backends Établissement trouvé: oyonoeffe@gmail.com
INFO 2025-11-18 04:48:55,225 middleware [MIDDLEWARE] Path: /static/school_admin/js/directeur/dashboard_directeur.js, User: Blaise pascal (École Primaire), Authenticated: True
WARNING 2025-11-18 04:48:55,225 basehttp "GET /static/school_admin/js/fcm_notifications.js HTTP/1.1" 404 179
WARNING 2025-11-18 04:48:55,228 log Not Found: /static/school_admin/js/directeur/dashboard_directeur.js
WARNING 2025-11-18 04:48:55,228 basehttp "GET /static/school_admin/js/directeur/dashboard_directeur.js HTTP/1.1" 404 179
INFO 2025-11-18 04:48:55,238 authentication_backends Établissement trouvé: oyonoeffe@gmail.com
INFO 2025-11-18 04:48:55,239 middleware [MIDDLEWARE] Path: /static/school_admin/css/enseignant/bottom_nav.css, User: Blaise pascal (École Primaire), Authenticated: True
WARNING 2025-11-18 04:48:55,241 log Not Found: /static/school_admin/css/enseignant/bottom_nav.css
WARNING 2025-11-18 04:48:55,242 basehttp "GET /static/school_admin/css/enseignant/bottom_nav.css HTTP/1.1" 404 179
INFO 2025-11-18 04:48:55,244 authentication_backends Établissement trouvé: oyonoeffe@gmail.com
INFO 2025-11-18 04:48:55,246 middleware [MIDDLEWARE] Path: /static/school_admin/css/fcm_notifications.css, User: Blaise pascal (École Primaire), Authenticated: True
WARNING 2025-11-18 04:48:55,247 log Not Found: /static/school_admin/css/fcm_notifications.css
WARNING 2025-11-18 04:48:55,248 basehttp "GET /static/school_admin/css/fcm_notifications.css HTTP/1.1" 404 179
INFO 2025-11-18 04:48:55,329 authentication_backends Établissement trouvé: oyonoeffe@gmail.com
INFO 2025-11-18 04:48:55,331 middleware [MIDDLEWARE] Path: /static/school_admin/css/enseignant/bottom_nav.css, User: Blaise pascal (École Primaire), Authenticated: True
WARNING 2025-11-18 04:48:55,333 log Not Found: /static/school_admin/css/enseignant/bottom_nav.css
WARNING 2025-11-18 04:48:55,334 basehttp "GET /static/school_admin/css/enseignant/bottom_nav.css HTTP/1.1" 404 179
INFO 2025-11-18 04:48:55,478 authentication_backends Établissement trouvé: oyonoeffe@gmail.com
INFO 2025-11-18 04:48:55,479 middleware [MIDDLEWARE] Path: /static/school_admin/img/icons/icon-32x32.png, User: Blaise pascal (École Primaire), Authenticated: True
WARNING 2025-11-18 04:48:55,481 log Not Found: /static/school_admin/img/icons/icon-32x32.png
WARNING 2025-11-18 04:48:55,483 basehttp "GET /static/school_admin/img/icons/icon-32x32.png HTTP/1.1" 404 179
INFO 2025-11-18 04:48:55,538 authentication_backends Établissement trouvé: oyonoeffe@gmail.com
INFO 2025-11-18 04:48:55,538 middleware [MIDDLEWARE] Path: /static/school_admin/img/icons/icon-144x144.png, User: Blaise pascal (École Primaire), Authenticated: True
WARNING 2025-11-18 04:48:55,540 log Not Found: /static/school_admin/img/icons/icon-144x144.png
WARNING 2025-11-18 04:48:55,540 basehttp "GET /static/school_admin/img/icons/icon-144x144.png HTTP/1.1" 404 179
INFO 2025-11-18 04:48:55,662 authentication_backends Établissement trouvé: oyonoeffe@gmail.com
INFO 2025-11-18 04:48:55,664 middleware [MIDDLEWARE] Path: /static/school_admin/img/icons/icon-16x16.png, User: Blaise pascal (École Primaire), Authenticated: True
WARNING 2025-11-18 04:48:55,666 log Not Found: /static/school_admin/img/icons/icon-16x16.png
WARNING 2025-11-18 04:48:55,666 basehttp "GET /static/school_admin/img/icons/icon-16x16.png HTTP/1.1" 404 179
INFO 2025-11-18 04:48:57,054 authentication_backends Établissement trouvé: oyonoeffe@gmail.com
INFO 2025-11-18 04:48:57,055 middleware [MIDDLEWARE] Path: /dashboard/directeur/, User: Blaise pascal (École Primaire), Authenticated: True
INFO 2025-11-18 04:48:57,195 basehttp "GET /dashboard/directeur/ HTTP/1.1" 200 23399
INFO 2025-11-18 04:48:57,334 authentication_backends Établissement trouvé: oyonoeffe@gmail.com
INFO 2025-11-18 04:48:57,334 middleware [MIDDLEWARE] Path: /static/school_admin/js/pwa.js, User: Blaise pascal (École Primaire), Authenticated: True
WARNING 2025-11-18 04:48:57,338 log Not Found: /static/school_admin/js/pwa.js
WARNING 2025-11-18 04:48:57,340 basehttp "GET /static/school_admin/js/pwa.js HTTP/1.1" 404 179
INFO 2025-11-18 04:48:57,349 authentication_backends Établissement trouvé: oyonoeffe@gmail.com
INFO 2025-11-18 04:48:57,352 authentication_backends Établissement trouvé: oyonoeffe@gmail.com
INFO 2025-11-18 04:48:57,355 authentication_backends Établissement trouvé: oyonoeffe@gmail.com
INFO 2025-11-18 04:48:57,355 middleware [MIDDLEWARE] Path: /static/school_admin/css/directeur/dashboard_directeur.css, User: Blaise pascal (École Primaire), Authenticated: True
INFO 2025-11-18 04:48:57,355 middleware [MIDDLEWARE] Path: /static/school_admin/css/fcm_notifications.css, User: Blaise pascal (École Primaire), Authenticated: True
WARNING 2025-11-18 04:48:57,358 log Not Found: /static/school_admin/css/directeur/dashboard_directeur.css
WARNING 2025-11-18 04:48:57,362 log Not Found: /static/school_admin/css/fcm_notifications.css
INFO 2025-11-18 04:48:57,362 middleware [MIDDLEWARE] Path: /static/school_admin/css/directeur/header_directeur.css, User: Blaise pascal (École Primaire), Authenticated: True
INFO 2025-11-18 04:48:57,362 authentication_backends Établissement trouvé: oyonoeffe@gmail.com
WARNING 2025-11-18 04:48:57,366 log Not Found: /static/school_admin/css/directeur/header_directeur.css
WARNING 2025-11-18 04:48:57,366 basehttp "GET /static/school_admin/css/directeur/dashboard_directeur.css HTTP/1.1" 404 179
WARNING 2025-11-18 04:48:57,369 basehttp "GET /static/school_admin/css/fcm_notifications.css HTTP/1.1" 404 179
INFO 2025-11-18 04:48:57,369 middleware [MIDDLEWARE] Path: /static/school_admin/img/logo.png, User: Blaise pascal (École Primaire), Authenticated: True
WARNING 2025-11-18 04:48:57,370 basehttp "GET /static/school_admin/css/directeur/header_directeur.css HTTP/1.1" 404 179
WARNING 2025-11-18 04:48:57,374 log Not Found: /static/school_admin/img/logo.png
INFO 2025-11-18 04:48:57,375 authentication_backends Établissement trouvé: oyonoeffe@gmail.com
WARNING 2025-11-18 04:48:57,378 basehttp "GET /static/school_admin/img/logo.png HTTP/1.1" 404 179
INFO 2025-11-18 04:48:57,378 middleware [MIDDLEWARE] Path: /static/school_admin/js/directeur/header_directeur.js, User: Blaise pascal (École Primaire), Authenticated: True
WARNING 2025-11-18 04:48:57,383 log Not Found: /static/school_admin/js/directeur/header_directeur.js
WARNING 2025-11-18 04:48:57,384 basehttp "GET /static/school_admin/js/directeur/header_directeur.js HTTP/1.1" 404 179
INFO 2025-11-18 04:48:57,424 authentication_backends Établissement trouvé: oyonoeffe@gmail.com
INFO 2025-11-18 04:48:57,424 middleware [MIDDLEWARE] Path: /static/school_admin/js/fcm_notifications.js, User: Blaise pascal (École Primaire), Authenticated: True
WARNING 2025-11-18 04:48:57,428 log Not Found: /static/school_admin/js/fcm_notifications.js
WARNING 2025-11-18 04:48:57,428 basehttp "GET /static/school_admin/js/fcm_notifications.js HTTP/1.1" 404 179
INFO 2025-11-18 04:48:57,444 authentication_backends Établissement trouvé: oyonoeffe@gmail.com
INFO 2025-11-18 04:48:57,444 middleware [MIDDLEWARE] Path: /static/school_admin/js/directeur/dashboard_directeur.js, User: Blaise pascal (École Primaire), Authenticated: True
WARNING 2025-11-18 04:48:57,446 log Not Found: /static/school_admin/js/directeur/dashboard_directeur.js
WARNING 2025-11-18 04:48:57,448 basehttp "GET /static/school_admin/js/directeur/dashboard_directeur.js HTTP/1.1" 404 179
INFO 2025-11-18 04:48:57,450 authentication_backends Établissement trouvé: oyonoeffe@gmail.com
INFO 2025-11-18 04:48:57,451 middleware [MIDDLEWARE] Path: /static/school_admin/css/enseignant/bottom_nav.css, User: Blaise pascal (École Primaire), Authenticated: True
WARNING 2025-11-18 04:48:57,453 log Not Found: /static/school_admin/css/enseignant/bottom_nav.css
WARNING 2025-11-18 04:48:57,453 basehttp "GET /static/school_admin/css/enseignant/bottom_nav.css HTTP/1.1" 404 179
INFO 2025-11-18 04:48:57,549 authentication_backends Établissement trouvé: oyonoeffe@gmail.com
INFO 2025-11-18 04:48:57,550 middleware [MIDDLEWARE] Path: /static/school_admin/img/icons/icon-32x32.png, User: Blaise pascal (École Primaire), Authenticated: True
WARNING 2025-11-18 04:48:57,554 log Not Found: /static/school_admin/img/icons/icon-32x32.png
WARNING 2025-11-18 04:48:57,554 basehttp "GET /static/school_admin/img/icons/icon-32x32.png HTTP/1.1" 404 179
INFO 2025-11-18 04:48:57,607 authentication_backends Établissement trouvé: oyonoeffe@gmail.com
INFO 2025-11-18 04:48:57,608 middleware [MIDDLEWARE] Path: /static/school_admin/img/icons/icon-144x144.png, User: Blaise pascal (École Primaire), Authenticated: True
WARNING 2025-11-18 04:48:57,611 log Not Found: /static/school_admin/img/icons/icon-144x144.png
WARNING 2025-11-18 04:48:57,612 basehttp "GET /static/school_admin/img/icons/icon-144x144.png HTTP/1.1" 404 179
INFO 2025-11-18 04:48:57,737 authentication_backends Établissement trouvé: oyonoeffe@gmail.com
INFO 2025-11-18 04:48:57,738 middleware [MIDDLEWARE] Path: /static/school_admin/img/icons/icon-16x16.png, User: Blaise pascal (École Primaire), Authenticated: True
WARNING 2025-11-18 04:48:57,742 log Not Found: /static/school_admin/img/icons/icon-16x16.png
WARNING 2025-11-18 04:48:57,743 basehttp "GET /static/school_admin/img/icons/icon-16x16.png HTTP/1.1" 404 179
INFO 2025-11-18 04:49:08,337 authentication_backends Établissement trouvé: oyonoeffe@gmail.com
INFO 2025-11-18 04:49:08,338 middleware [MIDDLEWARE] Path: /directeur/annonces/, User: Blaise pascal (École Primaire), Authenticated: True
INFO 2025-11-18 04:49:08,369 basehttp "GET /directeur/annonces/ HTTP/1.1" 200 56714
INFO 2025-11-18 04:49:08,575 authentication_backends Établissement trouvé: oyonoeffe@gmail.com
INFO 2025-11-18 04:49:08,575 middleware [MIDDLEWARE] Path: /static/school_admin/css/directeur/annonces/liste_annonces.css, User: Blaise pascal (École Primaire), Authenticated: True
WARNING 2025-11-18 04:49:08,578 log Not Found: /static/school_admin/css/directeur/annonces/liste_annonces.css
WARNING 2025-11-18 04:49:08,579 basehttp "GET /static/school_admin/css/directeur/annonces/liste_annonces.css HTTP/1.1" 404 179
INFO 2025-11-18 04:49:08,737 authentication_backends Établissement trouvé: oyonoeffe@gmail.com
INFO 2025-11-18 04:49:08,738 middleware [MIDDLEWARE] Path: /favicon.ico, User: Blaise pascal (École Primaire), Authenticated: True
WARNING 2025-11-18 04:49:08,739 log Not Found: /favicon.ico
WARNING 2025-11-18 04:49:08,740 basehttp "GET /favicon.ico HTTP/1.1" 404 179
INFO 2025-11-18 04:49:10,324 authentication_backends Établissement trouvé: oyonoeffe@gmail.com
INFO 2025-11-18 04:49:10,324 middleware [MIDDLEWARE] Path: /directeur/annonces/, User: Blaise pascal (École Primaire), Authenticated: True
INFO 2025-11-18 04:49:10,355 basehttp "GET /directeur/annonces/ HTTP/1.1" 200 56714
INFO 2025-11-18 04:49:10,394 authentication_backends Établissement trouvé: oyonoeffe@gmail.com
INFO 2025-11-18 04:49:10,394 middleware [MIDDLEWARE] Path: /service-worker.js, User: Blaise pascal (École Primaire), Authenticated: True
INFO 2025-11-18 04:49:10,396 basehttp "GET /service-worker.js HTTP/1.1" 200 11843
INFO 2025-11-18 04:49:10,564 authentication_backends Établissement trouvé: oyonoeffe@gmail.com
INFO 2025-11-18 04:49:10,565 middleware [MIDDLEWARE] Path: /static/school_admin/css/directeur/annonces/liste_annonces.css, User: Blaise pascal (École Primaire), Authenticated: True
WARNING 2025-11-18 04:49:10,566 log Not Found: /static/school_admin/css/directeur/annonces/liste_annonces.css
WARNING 2025-11-18 04:49:10,567 basehttp "GET /static/school_admin/css/directeur/annonces/liste_annonces.css HTTP/1.1" 404 179
INFO 2025-11-18 04:49:11,102 authentication_backends Établissement trouvé: oyonoeffe@gmail.com
INFO 2025-11-18 04:49:11,102 middleware [MIDDLEWARE] Path: /directeur/annonces/, User: Blaise pascal (École Primaire), Authenticated: True
INFO 2025-11-18 04:49:11,137 basehttp "GET /directeur/annonces/ HTTP/1.1" 200 56714
INFO 2025-11-18 04:49:11,239 authentication_backends Établissement trouvé: oyonoeffe@gmail.com
INFO 2025-11-18 04:49:11,240 middleware [MIDDLEWARE] Path: /static/school_admin/css/directeur/annonces/liste_annonces.css, User: Blaise pascal (École Primaire), Authenticated: True
WARNING 2025-11-18 04:49:11,242 log Not Found: /static/school_admin/css/directeur/annonces/liste_annonces.css
WARNING 2025-11-18 04:49:11,242 basehttp "GET /static/school_admin/css/directeur/annonces/liste_annonces.css HTTP/1.1" 404 179
INFO 2025-11-18 04:49:11,562 authentication_backends Établissement trouvé: oyonoeffe@gmail.com
INFO 2025-11-18 04:49:11,563 middleware [MIDDLEWARE] Path: /directeur/annonces/, User: Blaise pascal (École Primaire), Authenticated: True
INFO 2025-11-18 04:49:11,585 basehttp "GET /directeur/annonces/ HTTP/1.1" 200 56714
INFO 2025-11-18 04:49:11,689 authentication_backends Établissement trouvé: oyonoeffe@gmail.com
INFO 2025-11-18 04:49:11,689 middleware [MIDDLEWARE] Path: /static/school_admin/css/directeur/annonces/liste_annonces.css, User: Blaise pascal (École Primaire), Authenticated: True
WARNING 2025-11-18 04:49:11,692 log Not Found: /static/school_admin/css/directeur/annonces/liste_annonces.css
WARNING 2025-11-18 04:49:11,692 basehttp "GET /static/school_admin/css/directeur/annonces/liste_annonces.css HTTP/1.1" 404 179
INFO 2025-11-18 04:49:11,830 authentication_backends Établissement trouvé: oyonoeffe@gmail.com
INFO 2025-11-18 04:49:11,831 middleware [MIDDLEWARE] Path: /directeur/annonces/, User: Blaise pascal (École Primaire), Authenticated: True
INFO 2025-11-18 04:49:11,857 basehttp "GET /directeur/annonces/ HTTP/1.1" 200 56714
INFO 2025-11-18 04:49:11,971 authentication_backends Établissement trouvé: oyonoeffe@gmail.com
INFO 2025-11-18 04:49:11,971 middleware [MIDDLEWARE] Path: /static/school_admin/css/directeur/annonces/liste_annonces.css, User: Blaise pascal (École Primaire), Authenticated: True
WARNING 2025-11-18 04:49:11,974 log Not Found: /static/school_admin/css/directeur/annonces/liste_annonces.css
WARNING 2025-11-18 04:49:11,974 basehttp "GET /static/school_admin/css/directeur/annonces/liste_annonces.css HTTP/1.1" 404 179
INFO 2025-11-18 04:49:12,010 authentication_backends Établissement trouvé: oyonoeffe@gmail.com
INFO 2025-11-18 04:49:12,011 middleware [MIDDLEWARE] Path: /directeur/annonces/, User: Blaise pascal (École Primaire), Authenticated: True
INFO 2025-11-18 04:49:12,073 basehttp "GET /directeur/annonces/ HTTP/1.1" 200 56714
INFO 2025-11-18 04:49:12,210 authentication_backends Établissement trouvé: oyonoeffe@gmail.com
INFO 2025-11-18 04:49:12,211 middleware [MIDDLEWARE] Path: /static/school_admin/css/directeur/annonces/liste_annonces.css, User: Blaise pascal (École Primaire), Authenticated: True
WARNING 2025-11-18 04:49:12,212 log Not Found: /static/school_admin/css/directeur/annonces/liste_annonces.css
WARNING 2025-11-18 04:49:12,213 basehttp "GET /static/school_admin/css/directeur/annonces/liste_annonces.css HTTP/1.1" 404 179
INFO 2025-11-18 04:49:12,233 authentication_backends Établissement trouvé: oyonoeffe@gmail.com
INFO 2025-11-18 04:49:12,233 middleware [MIDDLEWARE] Path: /directeur/annonces/, User: Blaise pascal (École Primaire), Authenticated: True
INFO 2025-11-18 04:49:12,266 basehttp "GET /directeur/annonces/ HTTP/1.1" 200 56714
INFO 2025-11-18 04:49:12,383 authentication_backends Établissement trouvé: oyonoeffe@gmail.com
INFO 2025-11-18 04:49:12,384 middleware [MIDDLEWARE] Path: /static/school_admin/css/directeur/annonces/liste_annonces.css, User: Blaise pascal (École Primaire), Authenticated: True
WARNING 2025-11-18 04:49:12,387 log Not Found: /static/school_admin/css/directeur/annonces/liste_annonces.css
WARNING 2025-11-18 04:49:12,388 basehttp "GET /static/school_admin/css/directeur/annonces/liste_annonces.css HTTP/1.1" 404 179
INFO 2025-11-18 04:49:12,406 authentication_backends Établissement trouvé: oyonoeffe@gmail.com
INFO 2025-11-18 04:49:12,406 middleware [MIDDLEWARE] Path: /directeur/annonces/, User: Blaise pascal (École Primaire), Authenticated: True
INFO 2025-11-18 04:49:12,435 basehttp "GET /directeur/annonces/ HTTP/1.1" 200 56714
INFO 2025-11-18 04:49:12,547 authentication_backends Établissement trouvé: oyonoeffe@gmail.com
INFO 2025-11-18 04:49:12,547 middleware [MIDDLEWARE] Path: /static/school_admin/css/directeur/annonces/liste_annonces.css, User: Blaise pascal (École Primaire), Authenticated: True
WARNING 2025-11-18 04:49:12,549 log Not Found: /static/school_admin/css/directeur/annonces/liste_annonces.css
WARNING 2025-11-18 04:49:12,549 basehttp "GET /static/school_admin/css/directeur/annonces/liste_annonces.css HTTP/1.1" 404 179
INFO 2025-11-18 04:49:12,574 authentication_backends Établissement trouvé: oyonoeffe@gmail.com
INFO 2025-11-18 04:49:12,575 middleware [MIDDLEWARE] Path: /directeur/annonces/, User: Blaise pascal (École Primaire), Authenticated: True
INFO 2025-11-18 04:49:12,608 basehttp "GET /directeur/annonces/ HTTP/1.1" 200 56714
INFO 2025-11-18 04:49:12,696 authentication_backends Établissement trouvé: oyonoeffe@gmail.com
INFO 2025-11-18 04:49:12,696 middleware [MIDDLEWARE] Path: /static/school_admin/css/directeur/annonces/liste_annonces.css, User: Blaise pascal (École Primaire), Authenticated: True
WARNING 2025-11-18 04:49:12,698 log Not Found: /static/school_admin/css/directeur/annonces/liste_annonces.css
WARNING 2025-11-18 04:49:12,699 basehttp "GET /static/school_admin/css/directeur/annonces/liste_annonces.css HTTP/1.1" 404 179
INFO 2025-11-18 04:49:12,791 authentication_backends Établissement trouvé: oyonoeffe@gmail.com
INFO 2025-11-18 04:49:12,791 middleware [MIDDLEWARE] Path: /directeur/annonces/, User: Blaise pascal (École Primaire), Authenticated: True
INFO 2025-11-18 04:49:12,818 basehttp "GET /directeur/annonces/ HTTP/1.1" 200 56714
INFO 2025-11-18 04:49:12,916 authentication_backends Établissement trouvé: oyonoeffe@gmail.com
INFO 2025-11-18 04:49:12,917 middleware [MIDDLEWARE] Path: /static/school_admin/css/directeur/annonces/liste_annonces.css, User: Blaise pascal (École Primaire), Authenticated: True
WARNING 2025-11-18 04:49:12,919 log Not Found: /static/school_admin/css/directeur/annonces/liste_annonces.css
WARNING 2025-11-18 04:49:12,919 basehttp "GET /static/school_admin/css/directeur/annonces/liste_annonces.css HTTP/1.1" 404 179
INFO 2025-11-18 04:49:14,667 authentication_backends Établissement trouvé: oyonoeffe@gmail.com
INFO 2025-11-18 04:49:14,668 middleware [MIDDLEWARE] Path: /service-worker.js, User: Blaise pascal (École Primaire), Authenticated: True
INFO 2025-11-18 04:49:14,668 basehttp "GET /service-worker.js HTTP/1.1" 200 11843
INFO 2025-11-18 04:49:32,709 authentication_backends Établissement trouvé: oyonoeffe@gmail.com
INFO 2025-11-18 04:49:32,709 middleware [MIDDLEWARE] Path: /directeur/annonces/, User: Blaise pascal (École Primaire), Authenticated: True
INFO 2025-11-18 04:49:32,746 basehttp "GET /directeur/annonces/ HTTP/1.1" 200 56714
INFO 2025-11-18 04:49:32,928 authentication_backends Établissement trouvé: oyonoeffe@gmail.com
INFO 2025-11-18 04:49:32,929 middleware [MIDDLEWARE] Path: /static/school_admin/css/directeur/annonces/liste_annonces.css, User: Blaise pascal (École Primaire), Authenticated: True
WARNING 2025-11-18 04:49:32,932 log Not Found: /static/school_admin/css/directeur/annonces/liste_annonces.css
WARNING 2025-11-18 04:49:32,933 basehttp "GET /static/school_admin/css/directeur/annonces/liste_annonces.css HTTP/1.1" 404 179
INFO 2025-11-18 04:49:33,435 authentication_backends Établissement trouvé: oyonoeffe@gmail.com
INFO 2025-11-18 04:49:33,436 middleware [MIDDLEWARE] Path: /directeur/annonces/, User: Blaise pascal (École Primaire), Authenticated: True
INFO 2025-11-18 04:49:33,471 basehttp "GET /directeur/annonces/ HTTP/1.1" 200 56714
INFO 2025-11-18 04:49:33,583 authentication_backends Établissement trouvé: oyonoeffe@gmail.com
INFO 2025-11-18 04:49:33,584 middleware [MIDDLEWARE] Path: /static/school_admin/css/directeur/annonces/liste_annonces.css, User: Blaise pascal (École Primaire), Authenticated: True
WARNING 2025-11-18 04:49:33,586 log Not Found: /static/school_admin/css/directeur/annonces/liste_annonces.css
WARNING 2025-11-18 04:49:33,587 basehttp "GET /static/school_admin/css/directeur/annonces/liste_annonces.css HTTP/1.1" 404 179
INFO 2025-11-18 04:49:34,313 authentication_backends Établissement trouvé: oyonoeffe@gmail.com
INFO 2025-11-18 04:49:34,314 middleware [MIDDLEWARE] Path: /directeur/annonces/, User: Blaise pascal (École Primaire), Authenticated: True
INFO 2025-11-18 04:49:34,347 basehttp "GET /directeur/annonces/ HTTP/1.1" 200 56714
INFO 2025-11-18 04:49:34,465 authentication_backends Établissement trouvé: oyonoeffe@gmail.com
INFO 2025-11-18 04:49:34,465 middleware [MIDDLEWARE] Path: /static/school_admin/css/directeur/annonces/liste_annonces.css, User: Blaise pascal (École Primaire), Authenticated: True
WARNING 2025-11-18 04:49:34,468 log Not Found: /static/school_admin/css/directeur/annonces/liste_annonces.css
WARNING 2025-11-18 04:49:34,468 basehttp "GET /static/school_admin/css/directeur/annonces/liste_annonces.css HTTP/1.1" 404 179
INFO 2025-11-18 04:49:34,476 authentication_backends Établissement trouvé: oyonoeffe@gmail.com
INFO 2025-11-18 04:49:34,477 middleware [MIDDLEWARE] Path: /static/school_admin/css/directeur/header_directeur.css, User: Blaise pascal (École Primaire), Authenticated: True
WARNING 2025-11-18 04:49:34,479 log Not Found: /static/school_admin/css/directeur/header_directeur.css
WARNING 2025-11-18 04:49:34,481 basehttp "GET /static/school_admin/css/directeur/header_directeur.css HTTP/1.1" 404 179
INFO 2025-11-18 04:49:34,483 authentication_backends Établissement trouvé: oyonoeffe@gmail.com
INFO 2025-11-18 04:49:34,483 middleware [MIDDLEWARE] Path: /static/school_admin/js/directeur/header_directeur.js, User: Blaise pascal (École Primaire), Authenticated: True
INFO 2025-11-18 04:49:34,484 authentication_backends Établissement trouvé: oyonoeffe@gmail.com
WARNING 2025-11-18 04:49:34,486 log Not Found: /static/school_admin/js/directeur/header_directeur.js
INFO 2025-11-18 04:49:34,487 middleware [MIDDLEWARE] Path: /static/school_admin/css/enseignant/bottom_nav.css, User: Blaise pascal (École Primaire), Authenticated: True
WARNING 2025-11-18 04:49:34,490 log Not Found: /static/school_admin/css/enseignant/bottom_nav.css
WARNING 2025-11-18 04:49:34,490 basehttp "GET /static/school_admin/js/directeur/header_directeur.js HTTP/1.1" 404 179
WARNING 2025-11-18 04:49:34,491 basehttp "GET /static/school_admin/css/enseignant/bottom_nav.css HTTP/1.1" 404 179
INFO 2025-11-18 04:49:34,569 authentication_backends Établissement trouvé: oyonoeffe@gmail.com
INFO 2025-11-18 04:49:34,570 middleware [MIDDLEWARE] Path: /static/school_admin/img/logo.png, User: Blaise pascal (École Primaire), Authenticated: True
WARNING 2025-11-18 04:49:34,572 log Not Found: /static/school_admin/img/logo.png
WARNING 2025-11-18 04:49:34,572 basehttp "GET /static/school_admin/img/logo.png HTTP/1.1" 404 179
INFO 2025-11-18 04:49:34,658 authentication_backends Établissement trouvé: oyonoeffe@gmail.com
INFO 2025-11-18 04:49:34,659 middleware [MIDDLEWARE] Path: /static/school_admin/css/enseignant/bottom_nav.css, User: Blaise pascal (École Primaire), Authenticated: True
WARNING 2025-11-18 04:49:34,660 log Not Found: /static/school_admin/css/enseignant/bottom_nav.css
WARNING 2025-11-18 04:49:34,661 basehttp "GET /static/school_admin/css/enseignant/bottom_nav.css HTTP/1.1" 404 179
INFO 2025-11-18 04:49:34,764 authentication_backends Établissement trouvé: oyonoeffe@gmail.com
INFO 2025-11-18 04:49:34,764 middleware [MIDDLEWARE] Path: /favicon.ico, User: Blaise pascal (École Primaire), Authenticated: True
WARNING 2025-11-18 04:49:34,766 log Not Found: /favicon.ico
WARNING 2025-11-18 04:49:34,768 basehttp "GET /favicon.ico HTTP/1.1" 404 179
INFO 2025-11-18 04:49:35,391 authentication_backends Établissement trouvé: oyonoeffe@gmail.com
INFO 2025-11-18 04:49:35,391 middleware [MIDDLEWARE] Path: /service-worker.js, User: Blaise pascal (École Primaire), Authenticated: True
INFO 2025-11-18 04:49:35,392 basehttp "GET /service-worker.js HTTP/1.1" 200 11843
INFO 2025-11-18 04:49:35,697 authentication_backends Établissement trouvé: oyonoeffe@gmail.com
INFO 2025-11-18 04:49:35,697 middleware [MIDDLEWARE] Path: /directeur/annonces/, User: Blaise pascal (École Primaire), Authenticated: True
INFO 2025-11-18 04:49:35,729 basehttp "GET /directeur/annonces/ HTTP/1.1" 200 56714
INFO 2025-11-18 04:49:35,861 authentication_backends Établissement trouvé: oyonoeffe@gmail.com
INFO 2025-11-18 04:49:35,862 middleware [MIDDLEWARE] Path: /static/school_admin/css/directeur/annonces/liste_annonces.css, User: Blaise pascal (École Primaire), Authenticated: True
WARNING 2025-11-18 04:49:35,863 log Not Found: /static/school_admin/css/directeur/annonces/liste_annonces.css
WARNING 2025-11-18 04:49:35,864 basehttp "GET /static/school_admin/css/directeur/annonces/liste_annonces.css HTTP/1.1" 404 179
INFO 2025-11-18 04:49:37,691 authentication_backends Établissement trouvé: oyonoeffe@gmail.com
INFO 2025-11-18 04:49:37,691 middleware [MIDDLEWARE] Path: /service-worker.js, User: Blaise pascal (École Primaire), Authenticated: True
INFO 2025-11-18 04:49:37,694 basehttp "GET /service-worker.js HTTP/1.1" 200 11843
INFO 2025-11-18 04:49:38,327 authentication_backends Établissement trouvé: oyonoeffe@gmail.com
INFO 2025-11-18 04:49:38,327 middleware [MIDDLEWARE] Path: /gestion-eleves/, User: Blaise pascal (École Primaire), Authenticated: True
INFO 2025-11-18 04:49:38,331 basehttp "GET /gestion-eleves/ HTTP/1.1" 200 16280
INFO 2025-11-18 04:49:38,472 authentication_backends Établissement trouvé: oyonoeffe@gmail.com
INFO 2025-11-18 04:49:38,473 middleware [MIDDLEWARE] Path: /static/school_admin/js/directeur/gestion_eleves.js, User: Blaise pascal (École Primaire), Authenticated: True
WARNING 2025-11-18 04:49:38,477 log Not Found: /static/school_admin/js/directeur/gestion_eleves.js
WARNING 2025-11-18 04:49:38,478 basehttp "GET /static/school_admin/js/directeur/gestion_eleves.js HTTP/1.1" 404 179
INFO 2025-11-18 04:49:38,557 authentication_backends Établissement trouvé: oyonoeffe@gmail.com
INFO 2025-11-18 04:49:38,557 middleware [MIDDLEWARE] Path: /static/school_admin/css/directeur/gestion_eleves.css, User: Blaise pascal (École Primaire), Authenticated: True
WARNING 2025-11-18 04:49:38,559 log Not Found: /static/school_admin/css/directeur/gestion_eleves.css
WARNING 2025-11-18 04:49:38,559 basehttp "GET /static/school_admin/css/directeur/gestion_eleves.css HTTP/1.1" 404 179
INFO 2025-11-18 04:49:40,354 authentication_backends Établissement trouvé: oyonoeffe@gmail.com
INFO 2025-11-18 04:49:40,354 middleware [MIDDLEWARE] Path: /service-worker.js, User: Blaise pascal (École Primaire), Authenticated: True
INFO 2025-11-18 04:49:40,356 basehttp "GET /service-worker.js HTTP/1.1" 200 11843
INFO 2025-11-18 04:49:40,773 authentication_backends Établissement trouvé: oyonoeffe@gmail.com
INFO 2025-11-18 04:49:40,774 middleware [MIDDLEWARE] Path: /gestion-administrative/, User: Blaise pascal (École Primaire), Authenticated: True
INFO 2025-11-18 04:49:40,778 basehttp "GET /gestion-administrative/ HTTP/1.1" 200 14918
INFO 2025-11-18 04:49:40,906 authentication_backends Établissement trouvé: oyonoeffe@gmail.com
INFO 2025-11-18 04:49:40,907 middleware [MIDDLEWARE] Path: /static/school_admin/css/directeur/gestion_eleves.css, User: Blaise pascal (École Primaire), Authenticated: True
WARNING 2025-11-18 04:49:40,909 log Not Found: /static/school_admin/css/directeur/gestion_eleves.css
WARNING 2025-11-18 04:49:40,910 basehttp "GET /static/school_admin/css/directeur/gestion_eleves.css HTTP/1.1" 404 179
INFO 2025-11-18 04:49:42,370 authentication_backends Établissement trouvé: oyonoeffe@gmail.com
INFO 2025-11-18 04:49:42,370 middleware [MIDDLEWARE] Path: /directeur/annonces/, User: Blaise pascal (École Primaire), Authenticated: True
INFO 2025-11-18 04:49:42,404 basehttp "GET /directeur/annonces/ HTTP/1.1" 200 56714
INFO 2025-11-18 04:49:42,618 authentication_backends Établissement trouvé: oyonoeffe@gmail.com
INFO 2025-11-18 04:49:42,619 middleware [MIDDLEWARE] Path: /static/school_admin/css/directeur/annonces/liste_annonces.css, User: Blaise pascal (École Primaire), Authenticated: True
WARNING 2025-11-18 04:49:42,623 log Not Found: /static/school_admin/css/directeur/annonces/liste_annonces.css
WARNING 2025-11-18 04:49:42,624 basehttp "GET /static/school_admin/css/directeur/annonces/liste_annonces.css HTTP/1.1" 404 179
INFO 2025-11-18 04:49:42,826 authentication_backends Établissement trouvé: oyonoeffe@gmail.com
INFO 2025-11-18 04:49:42,826 middleware [MIDDLEWARE] Path: /service-worker.js, User: Blaise pascal (École Primaire), Authenticated: True
INFO 2025-11-18 04:49:42,827 basehttp "GET /service-worker.js HTTP/1.1" 200 11843
INFO 2025-11-18 04:49:44,509 authentication_backends Établissement trouvé: oyonoeffe@gmail.com
INFO 2025-11-18 04:49:44,509 middleware [MIDDLEWARE] Path: /service-worker.js, User: Blaise pascal (École Primaire), Authenticated: True
INFO 2025-11-18 04:49:44,510 basehttp "GET /service-worker.js HTTP/1.1" 200 11843
INFO 2025-11-18 04:49:46,603 authentication_backends Établissement trouvé: oyonoeffe@gmail.com
INFO 2025-11-18 04:49:46,603 middleware [MIDDLEWARE] Path: /facturation/directeur/, User: Blaise pascal (École Primaire), Authenticated: True
INFO 2025-11-18 04:49:46,628 basehttp "GET /facturation/directeur/ HTTP/1.1" 200 30316
INFO 2025-11-18 04:49:46,750 authentication_backends Établissement trouvé: oyonoeffe@gmail.com
INFO 2025-11-18 04:49:46,750 middleware [MIDDLEWARE] Path: /static/school_admin/css/directeur/facturation_directeur.css, User: Blaise pascal (École Primaire), Authenticated: True
WARNING 2025-11-18 04:49:46,753 log Not Found: /static/school_admin/css/directeur/facturation_directeur.css
WARNING 2025-11-18 04:49:46,754 basehttp "GET /static/school_admin/css/directeur/facturation_directeur.css HTTP/1.1" 404 179
INFO 2025-11-18 04:49:48,720 authentication_backends Établissement trouvé: oyonoeffe@gmail.com
INFO 2025-11-18 04:49:48,720 middleware [MIDDLEWARE] Path: /service-worker.js, User: Blaise pascal (École Primaire), Authenticated: True
INFO 2025-11-18 04:49:48,722 basehttp "GET /service-worker.js HTTP/1.1" 200 11843
INFO 2025-11-18 04:49:49,308 authentication_backends Établissement trouvé: oyonoeffe@gmail.com
INFO 2025-11-18 04:49:49,308 middleware [MIDDLEWARE] Path: /dashboard/directeur/, User: Blaise pascal (École Primaire), Authenticated: True
INFO 2025-11-18 04:49:49,475 basehttp "GET /dashboard/directeur/ HTTP/1.1" 200 23399
INFO 2025-11-18 04:49:49,744 authentication_backends Établissement trouvé: oyonoeffe@gmail.com
INFO 2025-11-18 04:49:49,745 middleware [MIDDLEWARE] Path: /firebase-messaging-sw.js, User: Blaise pascal (École Primaire), Authenticated: True
INFO 2025-11-18 04:49:49,746 basehttp "GET /firebase-messaging-sw.js HTTP/1.1" 200 2330
INFO 2025-11-18 04:49:49,799 authentication_backends Établissement trouvé: oyonoeffe@gmail.com
INFO 2025-11-18 04:49:49,800 middleware [MIDDLEWARE] Path: /static/school_admin/img/icons/icon-32x32.png, User: Blaise pascal (École Primaire), Authenticated: True
WARNING 2025-11-18 04:49:49,802 log Not Found: /static/school_admin/img/icons/icon-32x32.png
WARNING 2025-11-18 04:49:49,803 basehttp "GET /static/school_admin/img/icons/icon-32x32.png HTTP/1.1" 404 179
INFO 2025-11-18 04:49:49,842 authentication_backends Établissement trouvé: oyonoeffe@gmail.com
INFO 2025-11-18 04:49:49,843 middleware [MIDDLEWARE] Path: /api/fcm/save-token/, User: Blaise pascal (École Primaire), Authenticated: True
INFO 2025-11-18 04:49:49,846 authentication_backends Établissement trouvé: oyonoeffe@gmail.com
INFO 2025-11-18 04:49:49,846 middleware [MIDDLEWARE] Path: /service-worker.js, User: Blaise pascal (École Primaire), Authenticated: True
INFO 2025-11-18 04:49:49,847 fcm_views Token FCM mis à jour pour Blaise pascal (École Primaire)
INFO 2025-11-18 04:49:49,848 basehttp "GET /service-worker.js HTTP/1.1" 200 11843
INFO 2025-11-18 04:49:49,848 basehttp "POST /api/fcm/save-token/ HTTP/1.1" 200 88
INFO 2025-11-18 04:49:49,900 authentication_backends Établissement trouvé: oyonoeffe@gmail.com
INFO 2025-11-18 04:49:49,901 middleware [MIDDLEWARE] Path: /static/school_admin/img/icons/icon-16x16.png, User: Blaise pascal (École Primaire), Authenticated: True
WARNING 2025-11-18 04:49:49,902 log Not Found: /static/school_admin/img/icons/icon-16x16.png
WARNING 2025-11-18 04:49:49,902 basehttp "GET /static/school_admin/img/icons/icon-16x16.png HTTP/1.1" 404 179
INFO 2025-11-18 04:49:49,934 authentication_backends Établissement trouvé: oyonoeffe@gmail.com
INFO 2025-11-18 04:49:49,934 middleware [MIDDLEWARE] Path: /, User: Blaise pascal (École Primaire), Authenticated: True
INFO 2025-11-18 04:49:49,935 authentication_backends Établissement trouvé: oyonoeffe@gmail.com
INFO 2025-11-18 04:49:49,936 basehttp "GET / HTTP/1.1" 302 0
INFO 2025-11-18 04:49:49,936 middleware [MIDDLEWARE] Path: /dashboard/directeur/, User: Blaise pascal (École Primaire), Authenticated: True
INFO 2025-11-18 04:49:49,940 authentication_backends Établissement trouvé: oyonoeffe@gmail.com
INFO 2025-11-18 04:49:49,940 middleware [MIDDLEWARE] Path: /static/school_admin/img/logo.png, User: Blaise pascal (École Primaire), Authenticated: True
WARNING 2025-11-18 04:49:49,943 log Not Found: /static/school_admin/img/logo.png
WARNING 2025-11-18 04:49:49,944 basehttp "GET /static/school_admin/img/logo.png HTTP/1.1" 404 179
INFO 2025-11-18 04:49:50,081 basehttp "GET /dashboard/directeur/ HTTP/1.1" 200 23399
INFO 2025-11-18 04:49:50,973 authentication_backends Établissement trouvé: oyonoeffe@gmail.com
INFO 2025-11-18 04:49:50,977 middleware [MIDDLEWARE] Path: /dashboard/directeur/, User: Blaise pascal (École Primaire), Authenticated: True
INFO 2025-11-18 04:49:51,049 authentication_backends Établissement trouvé: oyonoeffe@gmail.com
INFO 2025-11-18 04:49:51,056 middleware [MIDDLEWARE] Path: /service-worker.js, User: Blaise pascal (École Primaire), Authenticated: True
INFO 2025-11-18 04:49:51,063 basehttp "GET /service-worker.js HTTP/1.1" 200 11843
INFO 2025-11-18 04:49:51,066 authentication_backends Eleve trouvé: bp2025006@eleve.blaisepascal.sn
INFO 2025-11-18 04:49:51,068 middleware [MIDDLEWARE] Path: /service-worker.js, User: Lamine Coly (BP2025006), Authenticated: True
INFO 2025-11-18 04:49:51,073 basehttp "GET /service-worker.js HTTP/1.1" 200 11843
INFO 2025-11-18 04:49:51,227 basehttp "GET /dashboard/directeur/ HTTP/1.1" 200 23399
INFO 2025-11-18 04:49:51,402 authentication_backends Établissement trouvé: oyonoeffe@gmail.com
INFO 2025-11-18 04:49:51,402 middleware [MIDDLEWARE] Path: /service-worker.js, User: Blaise pascal (École Primaire), Authenticated: True
INFO 2025-11-18 04:49:51,403 basehttp "GET /service-worker.js HTTP/1.1" 200 11843
INFO 2025-11-18 04:49:53,657 authentication_backends Établissement trouvé: oyonoeffe@gmail.com
INFO 2025-11-18 04:49:53,657 middleware [MIDDLEWARE] Path: /gestion-administrative/, User: Blaise pascal (École Primaire), Authenticated: True
INFO 2025-11-18 04:49:53,660 basehttp "GET /gestion-administrative/ HTTP/1.1" 200 14918
INFO 2025-11-18 04:49:53,719 authentication_backends Établissement trouvé: oyonoeffe@gmail.com
INFO 2025-11-18 04:49:53,720 middleware [MIDDLEWARE] Path: /gestion-administrative/, User: Blaise pascal (École Primaire), Authenticated: True
INFO 2025-11-18 04:49:53,724 basehttp "GET /gestion-administrative/ HTTP/1.1" 200 14918
INFO 2025-11-18 04:49:53,855 authentication_backends Établissement trouvé: oyonoeffe@gmail.com
INFO 2025-11-18 04:49:53,855 middleware [MIDDLEWARE] Path: /static/school_admin/css/directeur/gestion_eleves.css, User: Blaise pascal (École Primaire), Authenticated: True
WARNING 2025-11-18 04:49:53,857 log Not Found: /static/school_admin/css/directeur/gestion_eleves.css
WARNING 2025-11-18 04:49:53,858 basehttp "GET /static/school_admin/css/directeur/gestion_eleves.css HTTP/1.1" 404 179
INFO 2025-11-18 04:49:55,292 authentication_backends Établissement trouvé: oyonoeffe@gmail.com
INFO 2025-11-18 04:49:55,292 middleware [MIDDLEWARE] Path: /directeur/annonces/, User: Blaise pascal (École Primaire), Authenticated: True
INFO 2025-11-18 04:49:55,322 basehttp "GET /directeur/annonces/ HTTP/1.1" 200 56714
INFO 2025-11-18 04:49:55,422 authentication_backends Établissement trouvé: oyonoeffe@gmail.com
INFO 2025-11-18 04:49:55,422 middleware [MIDDLEWARE] Path: /static/school_admin/css/directeur/annonces/liste_annonces.css, User: Blaise pascal (École Primaire), Authenticated: True
WARNING 2025-11-18 04:49:55,424 log Not Found: /static/school_admin/css/directeur/annonces/liste_annonces.css
WARNING 2025-11-18 04:49:55,425 basehttp "GET /static/school_admin/css/directeur/annonces/liste_annonces.css HTTP/1.1" 404 179
INFO 2025-11-18 04:49:55,647 authentication_backends Établissement trouvé: oyonoeffe@gmail.com
INFO 2025-11-18 04:49:55,647 middleware [MIDDLEWARE] Path: /service-worker.js, User: Blaise pascal (École Primaire), Authenticated: True
INFO 2025-11-18 04:49:55,648 basehttp "GET /service-worker.js HTTP/1.1" 200 11843
INFO 2025-11-18 04:49:57,230 authentication_backends Établissement trouvé: oyonoeffe@gmail.com
INFO 2025-11-18 04:49:57,231 authentication_backends Établissement trouvé: oyonoeffe@gmail.com
INFO 2025-11-18 04:49:57,231 middleware [MIDDLEWARE] Path: /service-worker.js, User: Blaise pascal (École Primaire), Authenticated: True
INFO 2025-11-18 04:49:57,231 middleware [MIDDLEWARE] Path: /dashboard/directeur/, User: Blaise pascal (École Primaire), Authenticated: True
INFO 2025-11-18 04:49:57,233 basehttp "GET /service-worker.js HTTP/1.1" 200 11843
INFO 2025-11-18 04:49:57,354 basehttp "GET /dashboard/directeur/ HTTP/1.1" 200 23399
INFO 2025-11-18 04:49:57,597 authentication_backends Établissement trouvé: oyonoeffe@gmail.com
INFO 2025-11-18 04:49:57,597 middleware [MIDDLEWARE] Path: /firebase-messaging-sw.js, User: Blaise pascal (École Primaire), Authenticated: True
INFO 2025-11-18 04:49:57,599 basehttp "GET /firebase-messaging-sw.js HTTP/1.1" 200 2330
INFO 2025-11-18 04:49:57,783 authentication_backends Établissement trouvé: oyonoeffe@gmail.com
INFO 2025-11-18 04:49:57,785 middleware [MIDDLEWARE] Path: /service-worker.js, User: Blaise pascal (École Primaire), Authenticated: True
INFO 2025-11-18 04:49:57,786 basehttp "GET /service-worker.js HTTP/1.1" 200 11843
INFO 2025-11-18 04:49:57,787 authentication_backends Établissement trouvé: oyonoeffe@gmail.com
INFO 2025-11-18 04:49:57,788 middleware [MIDDLEWARE] Path: /api/fcm/save-token/, User: Blaise pascal (École Primaire), Authenticated: True
INFO 2025-11-18 04:49:57,792 fcm_views Token FCM mis à jour pour Blaise pascal (École Primaire)
INFO 2025-11-18 04:49:57,793 basehttp "POST /api/fcm/save-token/ HTTP/1.1" 200 88
INFO 2025-11-18 04:49:57,879 authentication_backends Établissement trouvé: oyonoeffe@gmail.com
INFO 2025-11-18 04:49:57,880 authentication_backends Établissement trouvé: oyonoeffe@gmail.com
INFO 2025-11-18 04:49:57,880 middleware [MIDDLEWARE] Path: /dashboard/directeur/, User: Blaise pascal (École Primaire), Authenticated: True
INFO 2025-11-18 04:49:57,882 middleware [MIDDLEWARE] Path: /, User: Blaise pascal (École Primaire), Authenticated: True
INFO 2025-11-18 04:49:57,883 authentication_backends Établissement trouvé: oyonoeffe@gmail.com
INFO 2025-11-18 04:49:57,883 basehttp "GET / HTTP/1.1" 302 0
INFO 2025-11-18 04:49:57,884 middleware [MIDDLEWARE] Path: /static/school_admin/img/logo.png, User: Blaise pascal (École Primaire), Authenticated: True
WARNING 2025-11-18 04:49:57,889 log Not Found: /static/school_admin/img/logo.png
WARNING 2025-11-18 04:49:57,891 basehttp "GET /static/school_admin/img/logo.png HTTP/1.1" 404 179
INFO 2025-11-18 04:49:58,051 basehttp "GET /dashboard/directeur/ HTTP/1.1" 200 23399
INFO 2025-11-18 04:49:58,852 authentication_backends Établissement trouvé: oyonoeffe@gmail.com
INFO 2025-11-18 04:49:58,853 middleware [MIDDLEWARE] Path: /dashboard/directeur/, User: Blaise pascal (École Primaire), Authenticated: True
INFO 2025-11-18 04:49:58,983 basehttp "GET /dashboard/directeur/ HTTP/1.1" 200 23399
INFO 2025-11-18 04:49:59,375 authentication_backends Établissement trouvé: oyonoeffe@gmail.com
INFO 2025-11-18 04:49:59,375 middleware [MIDDLEWARE] Path: /service-worker.js, User: Blaise pascal (École Primaire), Authenticated: True
INFO 2025-11-18 04:49:59,376 basehttp "GET /service-worker.js HTTP/1.1" 200 11843
INFO 2025-11-18 04:50:23,323 authentication_backends Établissement trouvé: oyonoeffe@gmail.com
INFO 2025-11-18 04:50:23,323 middleware [MIDDLEWARE] Path: /dashboard/directeur/, User: Blaise pascal (École Primaire), Authenticated: True
INFO 2025-11-18 04:50:23,426 basehttp "GET /dashboard/directeur/ HTTP/1.1" 200 23399
INFO 2025-11-18 04:50:23,603 authentication_backends Établissement trouvé: oyonoeffe@gmail.com
INFO 2025-11-18 04:50:23,603 middleware [MIDDLEWARE] Path: /firebase-messaging-sw.js, User: Blaise pascal (École Primaire), Authenticated: True
INFO 2025-11-18 04:50:23,604 basehttp "GET /firebase-messaging-sw.js HTTP/1.1" 200 2330
INFO 2025-11-18 04:50:23,691 authentication_backends Établissement trouvé: oyonoeffe@gmail.com
INFO 2025-11-18 04:50:23,692 middleware [MIDDLEWARE] Path: /service-worker.js, User: Blaise pascal (École Primaire), Authenticated: True
INFO 2025-11-18 04:50:23,693 basehttp "GET /service-worker.js HTTP/1.1" 200 11843
INFO 2025-11-18 04:50:23,694 authentication_backends Établissement trouvé: oyonoeffe@gmail.com
INFO 2025-11-18 04:50:23,694 middleware [MIDDLEWARE] Path: /api/fcm/save-token/, User: Blaise pascal (École Primaire), Authenticated: True
INFO 2025-11-18 04:50:23,699 fcm_views Token FCM mis à jour pour Blaise pascal (École Primaire)
INFO 2025-11-18 04:50:23,700 basehttp "POST /api/fcm/save-token/ HTTP/1.1" 200 88
INFO 2025-11-18 04:50:23,829 authentication_backends Établissement trouvé: oyonoeffe@gmail.com
INFO 2025-11-18 04:50:23,830 middleware [MIDDLEWARE] Path: /dashboard/directeur/, User: Blaise pascal (École Primaire), Authenticated: True
INFO 2025-11-18 04:50:23,840 authentication_backends Établissement trouvé: oyonoeffe@gmail.com
INFO 2025-11-18 04:50:23,841 middleware [MIDDLEWARE] Path: /static/school_admin/img/logo.png, User: Blaise pascal (École Primaire), Authenticated: True
WARNING 2025-11-18 04:50:23,845 log Not Found: /static/school_admin/img/logo.png
WARNING 2025-11-18 04:50:23,846 basehttp "GET /static/school_admin/img/logo.png HTTP/1.1" 404 179
INFO 2025-11-18 04:50:23,920 authentication_backends Établissement trouvé: oyonoeffe@gmail.com
INFO 2025-11-18 04:50:23,921 middleware [MIDDLEWARE] Path: /, User: Blaise pascal (École Primaire), Authenticated: True
INFO 2025-11-18 04:50:23,924 basehttp - Broken pipe from ('127.0.0.1', 52096)
INFO 2025-11-18 04:50:23,965 basehttp "GET /dashboard/directeur/ HTTP/1.1" 200 23399
INFO 2025-11-18 04:50:24,490 authentication_backends Établissement trouvé: oyonoeffe@gmail.com
INFO 2025-11-18 04:50:24,490 middleware [MIDDLEWARE] Path: /dashboard/directeur/, User: Blaise pascal (École Primaire), Authenticated: True
INFO 2025-11-18 04:50:24,608 basehttp "GET /dashboard/directeur/ HTTP/1.1" 200 23399
INFO 2025-11-18 04:50:24,776 authentication_backends Établissement trouvé: oyonoeffe@gmail.com
INFO 2025-11-18 04:50:24,776 middleware [MIDDLEWARE] Path: /dashboard/directeur/, User: Blaise pascal (École Primaire), Authenticated: True
INFO 2025-11-18 04:50:24,884 authentication_backends Établissement trouvé: oyonoeffe@gmail.com
INFO 2025-11-18 04:50:24,885 middleware [MIDDLEWARE] Path: /firebase-messaging-sw.js, User: Blaise pascal (École Primaire), Authenticated: True
INFO 2025-11-18 04:50:24,885 basehttp "GET /firebase-messaging-sw.js HTTP/1.1" 200 2330
INFO 2025-11-18 04:50:24,893 basehttp "GET /dashboard/directeur/ HTTP/1.1" 200 23399
INFO 2025-11-18 04:50:25,026 authentication_backends Établissement trouvé: oyonoeffe@gmail.com
INFO 2025-11-18 04:50:25,026 middleware [MIDDLEWARE] Path: /dashboard/directeur/, User: Blaise pascal (École Primaire), Authenticated: True
INFO 2025-11-18 04:50:25,091 authentication_backends Établissement trouvé: oyonoeffe@gmail.com
INFO 2025-11-18 04:50:25,091 middleware [MIDDLEWARE] Path: /service-worker.js, User: Blaise pascal (École Primaire), Authenticated: True
INFO 2025-11-18 04:50:25,094 basehttp "GET /service-worker.js HTTP/1.1" 200 11843
INFO 2025-11-18 04:50:25,157 basehttp "GET /dashboard/directeur/ HTTP/1.1" 200 23399
INFO 2025-11-18 04:50:25,172 authentication_backends Établissement trouvé: oyonoeffe@gmail.com
INFO 2025-11-18 04:50:25,172 authentication_backends Établissement trouvé: oyonoeffe@gmail.com
INFO 2025-11-18 04:50:25,173 middleware [MIDDLEWARE] Path: /, User: Blaise pascal (École Primaire), Authenticated: True
INFO 2025-11-18 04:50:25,173 middleware [MIDDLEWARE] Path: /static/school_admin/img/logo.png, User: Blaise pascal (École Primaire), Authenticated: True
INFO 2025-11-18 04:50:25,174 basehttp "GET / HTTP/1.1" 302 0
WARNING 2025-11-18 04:50:25,176 log Not Found: /static/school_admin/img/logo.png
WARNING 2025-11-18 04:50:25,176 basehttp "GET /static/school_admin/img/logo.png HTTP/1.1" 404 179
INFO 2025-11-18 04:50:25,291 authentication_backends Établissement trouvé: oyonoeffe@gmail.com
INFO 2025-11-18 04:50:25,291 middleware [MIDDLEWARE] Path: /firebase-messaging-sw.js, User: Blaise pascal (École Primaire), Authenticated: True
INFO 2025-11-18 04:50:25,292 basehttp "GET /firebase-messaging-sw.js HTTP/1.1" 200 2330
INFO 2025-11-18 04:50:25,357 authentication_backends Établissement trouvé: oyonoeffe@gmail.com
INFO 2025-11-18 04:50:25,358 middleware [MIDDLEWARE] Path: /dashboard/directeur/, User: Blaise pascal (École Primaire), Authenticated: True
INFO 2025-11-18 04:50:25,409 authentication_backends Établissement trouvé: oyonoeffe@gmail.com
INFO 2025-11-18 04:50:25,410 middleware [MIDDLEWARE] Path: /service-worker.js, User: Blaise pascal (École Primaire), Authenticated: True
INFO 2025-11-18 04:50:25,412 basehttp "GET /service-worker.js HTTP/1.1" 200 11843
INFO 2025-11-18 04:50:25,498 basehttp - Broken pipe from ('127.0.0.1', 56180)
INFO 2025-11-18 04:50:25,503 authentication_backends Établissement trouvé: oyonoeffe@gmail.com
INFO 2025-11-18 04:50:25,504 middleware [MIDDLEWARE] Path: /, User: Blaise pascal (École Primaire), Authenticated: True
INFO 2025-11-18 04:50:25,505 basehttp "GET / HTTP/1.1" 302 0
INFO 2025-11-18 04:50:25,518 authentication_backends Établissement trouvé: oyonoeffe@gmail.com
INFO 2025-11-18 04:50:25,518 middleware [MIDDLEWARE] Path: /static/school_admin/img/logo.png, User: Blaise pascal (École Primaire), Authenticated: True
WARNING 2025-11-18 04:50:25,521 log Not Found: /static/school_admin/img/logo.png
WARNING 2025-11-18 04:50:25,521 basehttp "GET /static/school_admin/img/logo.png HTTP/1.1" 404 179
INFO 2025-11-18 04:50:25,576 authentication_backends Établissement trouvé: oyonoeffe@gmail.com
INFO 2025-11-18 04:50:25,576 middleware [MIDDLEWARE] Path: /dashboard/directeur/, User: Blaise pascal (École Primaire), Authenticated: True
INFO 2025-11-18 04:50:25,608 authentication_backends Établissement trouvé: oyonoeffe@gmail.com
INFO 2025-11-18 04:50:25,609 middleware [MIDDLEWARE] Path: /service-worker.js, User: Blaise pascal (École Primaire), Authenticated: True
INFO 2025-11-18 04:50:25,612 basehttp "GET /service-worker.js HTTP/1.1" 200 11843
INFO 2025-11-18 04:50:25,674 authentication_backends Établissement trouvé: oyonoeffe@gmail.com
INFO 2025-11-18 04:50:25,675 middleware [MIDDLEWARE] Path: /firebase-messaging-sw.js, User: Blaise pascal (École Primaire), Authenticated: True
INFO 2025-11-18 04:50:25,676 basehttp "GET /firebase-messaging-sw.js HTTP/1.1" 200 2330
INFO 2025-11-18 04:50:25,709 basehttp - Broken pipe from ('127.0.0.1', 53717)
INFO 2025-11-18 04:50:25,764 authentication_backends Établissement trouvé: oyonoeffe@gmail.com
INFO 2025-11-18 04:50:25,764 middleware [MIDDLEWARE] Path: /service-worker.js, User: Blaise pascal (École Primaire), Authenticated: True
INFO 2025-11-18 04:50:25,765 authentication_backends Établissement trouvé: oyonoeffe@gmail.com
INFO 2025-11-18 04:50:25,766 basehttp "GET /service-worker.js HTTP/1.1" 200 11843
INFO 2025-11-18 04:50:25,766 middleware [MIDDLEWARE] Path: /api/fcm/save-token/, User: Blaise pascal (École Primaire), Authenticated: True
INFO 2025-11-18 04:50:25,770 fcm_views Token FCM mis à jour pour Blaise pascal (École Primaire)
INFO 2025-11-18 04:50:25,771 basehttp "POST /api/fcm/save-token/ HTTP/1.1" 200 88
INFO 2025-11-18 04:50:25,835 authentication_backends Établissement trouvé: oyonoeffe@gmail.com
INFO 2025-11-18 04:50:25,836 middleware [MIDDLEWARE] Path: /dashboard/directeur/, User: Blaise pascal (École Primaire), Authenticated: True
INFO 2025-11-18 04:50:25,843 authentication_backends Établissement trouvé: oyonoeffe@gmail.com
INFO 2025-11-18 04:50:25,845 middleware [MIDDLEWARE] Path: /static/school_admin/img/logo.png, User: Blaise pascal (École Primaire), Authenticated: True
WARNING 2025-11-18 04:50:25,847 log Not Found: /static/school_admin/img/logo.png
WARNING 2025-11-18 04:50:25,848 basehttp "GET /static/school_admin/img/logo.png HTTP/1.1" 404 179
INFO 2025-11-18 04:50:25,954 authentication_backends Établissement trouvé: oyonoeffe@gmail.com
INFO 2025-11-18 04:50:25,954 basehttp "GET /dashboard/directeur/ HTTP/1.1" 200 23399
INFO 2025-11-18 04:50:25,955 middleware [MIDDLEWARE] Path: /, User: Blaise pascal (École Primaire), Authenticated: True
INFO 2025-11-18 04:50:25,955 basehttp - Broken pipe from ('127.0.0.1', 64723)
INFO 2025-11-18 04:50:26,631 authentication_backends Établissement trouvé: oyonoeffe@gmail.com
INFO 2025-11-18 04:50:26,631 middleware [MIDDLEWARE] Path: /dashboard/directeur/, User: Blaise pascal (École Primaire), Authenticated: True
INFO 2025-11-18 04:50:26,744 basehttp "GET /dashboard/directeur/ HTTP/1.1" 200 23399
INFO 2025-11-18 04:50:26,871 authentication_backends Établissement trouvé: oyonoeffe@gmail.com
INFO 2025-11-18 04:50:26,872 middleware [MIDDLEWARE] Path: /static/school_admin/js/pwa.js, User: Blaise pascal (École Primaire), Authenticated: True
WARNING 2025-11-18 04:50:26,877 log Not Found: /static/school_admin/js/pwa.js
INFO 2025-11-18 04:50:26,879 authentication_backends Établissement trouvé: oyonoeffe@gmail.com
WARNING 2025-11-18 04:50:26,879 basehttp "GET /static/school_admin/js/pwa.js HTTP/1.1" 404 179
INFO 2025-11-18 04:50:26,879 middleware [MIDDLEWARE] Path: /static/school_admin/css/directeur/dashboard_directeur.css, User: Blaise pascal (École Primaire), Authenticated: True
WARNING 2025-11-18 04:50:26,883 log Not Found: /static/school_admin/css/directeur/dashboard_directeur.css
INFO 2025-11-18 04:50:26,885 authentication_backends Établissement trouvé: oyonoeffe@gmail.com
WARNING 2025-11-18 04:50:26,886 basehttp "GET /static/school_admin/css/directeur/dashboard_directeur.css HTTP/1.1" 404 179
INFO 2025-11-18 04:50:26,889 middleware [MIDDLEWARE] Path: /static/school_admin/css/fcm_notifications.css, User: Blaise pascal (École Primaire), Authenticated: True
WARNING 2025-11-18 04:50:26,893 log Not Found: /static/school_admin/css/fcm_notifications.css
INFO 2025-11-18 04:50:26,893 authentication_backends Établissement trouvé: oyonoeffe@gmail.com
INFO 2025-11-18 04:50:26,894 authentication_backends Établissement trouvé: oyonoeffe@gmail.com
INFO 2025-11-18 04:50:26,894 authentication_backends Établissement trouvé: oyonoeffe@gmail.com
WARNING 2025-11-18 04:50:26,895 basehttp "GET /static/school_admin/css/fcm_notifications.css HTTP/1.1" 404 179
INFO 2025-11-18 04:50:26,895 middleware [MIDDLEWARE] Path: /static/school_admin/img/logo.png, User: Blaise pascal (École Primaire), Authenticated: True
INFO 2025-11-18 04:50:26,895 middleware [MIDDLEWARE] Path: /static/school_admin/css/directeur/header_directeur.css, User: Blaise pascal (École Primaire), Authenticated: True
INFO 2025-11-18 04:50:26,895 middleware [MIDDLEWARE] Path: /static/school_admin/js/fcm_notifications.js, User: Blaise pascal (École Primaire), Authenticated: True
WARNING 2025-11-18 04:50:26,899 log Not Found: /static/school_admin/img/logo.png
WARNING 2025-11-18 04:50:26,903 log Not Found: /static/school_admin/css/directeur/header_directeur.css
WARNING 2025-11-18 04:50:26,905 log Not Found: /static/school_admin/js/fcm_notifications.js
WARNING 2025-11-18 04:50:26,905 basehttp "GET /static/school_admin/img/logo.png HTTP/1.1" 404 179
WARNING 2025-11-18 04:50:26,906 basehttp "GET /static/school_admin/css/directeur/header_directeur.css HTTP/1.1" 404 179
WARNING 2025-11-18 04:50:26,906 basehttp "GET /static/school_admin/js/fcm_notifications.js HTTP/1.1" 404 179
INFO 2025-11-18 04:50:26,951 authentication_backends Établissement trouvé: oyonoeffe@gmail.com
INFO 2025-11-18 04:50:26,952 middleware [MIDDLEWARE] Path: /static/school_admin/js/directeur/header_directeur.js, User: Blaise pascal (École Primaire), Authenticated: True
WARNING 2025-11-18 04:50:26,955 log Not Found: /static/school_admin/js/directeur/header_directeur.js
WARNING 2025-11-18 04:50:26,955 basehttp "GET /static/school_admin/js/directeur/header_directeur.js HTTP/1.1" 404 179
INFO 2025-11-18 04:50:27,048 authentication_backends Établissement trouvé: oyonoeffe@gmail.com
INFO 2025-11-18 04:50:27,049 middleware [MIDDLEWARE] Path: /static/school_admin/js/directeur/dashboard_directeur.js, User: Blaise pascal (École Primaire), Authenticated: True
WARNING 2025-11-18 04:50:27,052 log Not Found: /static/school_admin/js/directeur/dashboard_directeur.js
WARNING 2025-11-18 04:50:27,052 basehttp "GET /static/school_admin/js/directeur/dashboard_directeur.js HTTP/1.1" 404 179
INFO 2025-11-18 04:50:27,066 authentication_backends Établissement trouvé: oyonoeffe@gmail.com
INFO 2025-11-18 04:50:27,066 middleware [MIDDLEWARE] Path: /static/school_admin/css/enseignant/bottom_nav.css, User: Blaise pascal (École Primaire), Authenticated: True
WARNING 2025-11-18 04:50:27,068 log Not Found: /static/school_admin/css/enseignant/bottom_nav.css
WARNING 2025-11-18 04:50:27,068 basehttp "GET /static/school_admin/css/enseignant/bottom_nav.css HTTP/1.1" 404 179
INFO 2025-11-18 04:50:27,130 authentication_backends Établissement trouvé: oyonoeffe@gmail.com
INFO 2025-11-18 04:50:27,131 middleware [MIDDLEWARE] Path: /service-worker.js, User: Blaise pascal (École Primaire), Authenticated: True
INFO 2025-11-18 04:50:27,132 basehttp "GET /service-worker.js HTTP/1.1" 200 11843
INFO 2025-11-18 04:50:27,184 authentication_backends Établissement trouvé: oyonoeffe@gmail.com
INFO 2025-11-18 04:50:27,185 middleware [MIDDLEWARE] Path: /static/school_admin/img/icons/icon-32x32.png, User: Blaise pascal (École Primaire), Authenticated: True
WARNING 2025-11-18 04:50:27,187 log Not Found: /static/school_admin/img/icons/icon-32x32.png
WARNING 2025-11-18 04:50:27,188 basehttp "GET /static/school_admin/img/icons/icon-32x32.png HTTP/1.1" 404 179
INFO 2025-11-18 04:50:27,233 authentication_backends Établissement trouvé: oyonoeffe@gmail.com
INFO 2025-11-18 04:50:27,233 middleware [MIDDLEWARE] Path: /static/school_admin/img/icons/icon-144x144.png, User: Blaise pascal (École Primaire), Authenticated: True
WARNING 2025-11-18 04:50:27,235 log Not Found: /static/school_admin/img/icons/icon-144x144.png
WARNING 2025-11-18 04:50:27,236 basehttp "GET /static/school_admin/img/icons/icon-144x144.png HTTP/1.1" 404 179
INFO 2025-11-18 04:50:27,258 authentication_backends Établissement trouvé: oyonoeffe@gmail.com
INFO 2025-11-18 04:50:27,259 middleware [MIDDLEWARE] Path: /static/school_admin/img/icons/icon-16x16.png, User: Blaise pascal (École Primaire), Authenticated: True
WARNING 2025-11-18 04:50:27,260 log Not Found: /static/school_admin/img/icons/icon-16x16.png
WARNING 2025-11-18 04:50:27,261 basehttp "GET /static/school_admin/img/icons/icon-16x16.png HTTP/1.1" 404 179
INFO 2025-11-18 04:50:33,450 authentication_backends Établissement trouvé: oyonoeffe@gmail.com
INFO 2025-11-18 04:50:33,450 middleware [MIDDLEWARE] Path: /dashboard/directeur/, User: Blaise pascal (École Primaire), Authenticated: True
INFO 2025-11-18 04:50:33,553 basehttp "GET /dashboard/directeur/ HTTP/1.1" 200 23399
INFO 2025-11-18 04:50:33,725 authentication_backends Établissement trouvé: oyonoeffe@gmail.com
INFO 2025-11-18 04:50:33,726 middleware [MIDDLEWARE] Path: /firebase-messaging-sw.js, User: Blaise pascal (École Primaire), Authenticated: True
INFO 2025-11-18 04:50:33,727 basehttp "GET /firebase-messaging-sw.js HTTP/1.1" 200 2330
INFO 2025-11-18 04:50:33,829 authentication_backends Établissement trouvé: oyonoeffe@gmail.com
INFO 2025-11-18 04:50:33,829 authentication_backends Établissement trouvé: oyonoeffe@gmail.com
INFO 2025-11-18 04:50:33,830 middleware [MIDDLEWARE] Path: /service-worker.js, User: Blaise pascal (École Primaire), Authenticated: True
INFO 2025-11-18 04:50:33,830 middleware [MIDDLEWARE] Path: /api/fcm/save-token/, User: Blaise pascal (École Primaire), Authenticated: True
INFO 2025-11-18 04:50:33,831 basehttp "GET /service-worker.js HTTP/1.1" 200 11843
INFO 2025-11-18 04:50:33,834 fcm_views Token FCM mis à jour pour Blaise pascal (École Primaire)
INFO 2025-11-18 04:50:33,835 basehttp "POST /api/fcm/save-token/ HTTP/1.1" 200 88
INFO 2025-11-18 04:50:33,919 authentication_backends Établissement trouvé: oyonoeffe@gmail.com
INFO 2025-11-18 04:50:33,920 middleware [MIDDLEWARE] Path: /, User: Blaise pascal (École Primaire), Authenticated: True
INFO 2025-11-18 04:50:33,921 authentication_backends Établissement trouvé: oyonoeffe@gmail.com
INFO 2025-11-18 04:50:33,921 basehttp "GET / HTTP/1.1" 302 0
INFO 2025-11-18 04:50:33,921 middleware [MIDDLEWARE] Path: /dashboard/directeur/, User: Blaise pascal (École Primaire), Authenticated: True
INFO 2025-11-18 04:50:34,025 authentication_backends Établissement trouvé: oyonoeffe@gmail.com
INFO 2025-11-18 04:50:34,027 middleware [MIDDLEWARE] Path: /static/school_admin/img/logo.png, User: Blaise pascal (École Primaire), Authenticated: True
WARNING 2025-11-18 04:50:34,030 log Not Found: /static/school_admin/img/logo.png
WARNING 2025-11-18 04:50:34,032 basehttp "GET /static/school_admin/img/logo.png HTTP/1.1" 404 179
INFO 2025-11-18 04:50:34,046 basehttp "GET /dashboard/directeur/ HTTP/1.1" 200 23399
INFO 2025-11-18 04:50:34,904 authentication_backends Établissement trouvé: oyonoeffe@gmail.com
INFO 2025-11-18 04:50:34,905 middleware [MIDDLEWARE] Path: /dashboard/directeur/, User: Blaise pascal (École Primaire), Authenticated: True
INFO 2025-11-18 04:50:35,000 basehttp "GET /dashboard/directeur/ HTTP/1.1" 200 23399
INFO 2025-11-18 04:50:35,398 authentication_backends Établissement trouvé: oyonoeffe@gmail.com
INFO 2025-11-18 04:50:35,398 middleware [MIDDLEWARE] Path: /service-worker.js, User: Blaise pascal (École Primaire), Authenticated: True
INFO 2025-11-18 04:50:35,399 basehttp "GET /service-worker.js HTTP/1.1" 200 11843
INFO 2025-11-18 04:50:39,324 authentication_backends Établissement trouvé: oyonoeffe@gmail.com
INFO 2025-11-18 04:50:39,325 middleware [MIDDLEWARE] Path: /gestion-etablissement/, User: Blaise pascal (École Primaire), Authenticated: True
INFO 2025-11-18 04:50:39,328 basehttp "GET /gestion-etablissement/ HTTP/1.1" 200 15432
INFO 2025-11-18 04:50:39,483 authentication_backends Établissement trouvé: oyonoeffe@gmail.com
INFO 2025-11-18 04:50:39,483 middleware [MIDDLEWARE] Path: /gestion-etablissement/, User: Blaise pascal (École Primaire), Authenticated: True
INFO 2025-11-18 04:50:39,485 basehttp "GET /gestion-etablissement/ HTTP/1.1" 200 15432
INFO 2025-11-18 04:50:39,591 authentication_backends Établissement trouvé: oyonoeffe@gmail.com
INFO 2025-11-18 04:50:39,591 middleware [MIDDLEWARE] Path: /static/school_admin/css/directeur/gestion_etablissement.css, User: Blaise pascal (École Primaire), Authenticated: True
WARNING 2025-11-18 04:50:39,594 log Not Found: /static/school_admin/css/directeur/gestion_etablissement.css
WARNING 2025-11-18 04:50:39,595 basehttp "GET /static/school_admin/css/directeur/gestion_etablissement.css HTTP/1.1" 404 179
INFO 2025-11-18 04:50:39,602 authentication_backends Établissement trouvé: oyonoeffe@gmail.com
INFO 2025-11-18 04:50:39,604 middleware [MIDDLEWARE] Path: /static/school_admin/js/directeur/gestion_etablissement.js, User: Blaise pascal (École Primaire), Authenticated: True
WARNING 2025-11-18 04:50:39,606 log Not Found: /static/school_admin/js/directeur/gestion_etablissement.js
WARNING 2025-11-18 04:50:39,607 basehttp "GET /static/school_admin/js/directeur/gestion_etablissement.js HTTP/1.1" 404 179
INFO 2025-11-18 04:50:39,739 authentication_backends Établissement trouvé: oyonoeffe@gmail.com
INFO 2025-11-18 04:50:39,739 middleware [MIDDLEWARE] Path: /favicon.ico, User: Blaise pascal (École Primaire), Authenticated: True
WARNING 2025-11-18 04:50:39,744 log Not Found: /favicon.ico
WARNING 2025-11-18 04:50:39,745 basehttp "GET /favicon.ico HTTP/1.1" 404 179
INFO 2025-11-18 04:50:41,288 authentication_backends Établissement trouvé: oyonoeffe@gmail.com
INFO 2025-11-18 04:50:41,288 middleware [MIDDLEWARE] Path: /dashboard/directeur/, User: Blaise pascal (École Primaire), Authenticated: True
INFO 2025-11-18 04:50:41,394 basehttp "GET /dashboard/directeur/ HTTP/1.1" 200 23399
INFO 2025-11-18 04:50:41,405 authentication_backends Établissement trouvé: oyonoeffe@gmail.com
INFO 2025-11-18 04:50:41,405 middleware [MIDDLEWARE] Path: /service-worker.js, User: Blaise pascal (École Primaire), Authenticated: True
INFO 2025-11-18 04:50:41,406 basehttp "GET /service-worker.js HTTP/1.1" 200 11843
INFO 2025-11-18 04:50:41,588 authentication_backends Établissement trouvé: oyonoeffe@gmail.com
INFO 2025-11-18 04:50:41,588 middleware [MIDDLEWARE] Path: /firebase-messaging-sw.js, User: Blaise pascal (École Primaire), Authenticated: True
INFO 2025-11-18 04:50:41,590 basehttp "GET /firebase-messaging-sw.js HTTP/1.1" 200 2330
INFO 2025-11-18 04:50:41,725 authentication_backends Établissement trouvé: oyonoeffe@gmail.com
INFO 2025-11-18 04:50:41,726 middleware [MIDDLEWARE] Path: /service-worker.js, User: Blaise pascal (École Primaire), Authenticated: True
INFO 2025-11-18 04:50:41,726 authentication_backends Établissement trouvé: oyonoeffe@gmail.com
INFO 2025-11-18 04:50:41,727 middleware [MIDDLEWARE] Path: /api/fcm/save-token/, User: Blaise pascal (École Primaire), Authenticated: True
INFO 2025-11-18 04:50:41,728 basehttp "GET /service-worker.js HTTP/1.1" 200 11843
INFO 2025-11-18 04:50:41,732 fcm_views Token FCM mis à jour pour Blaise pascal (École Primaire)
INFO 2025-11-18 04:50:41,733 basehttp "POST /api/fcm/save-token/ HTTP/1.1" 200 88
INFO 2025-11-18 04:50:41,825 authentication_backends Établissement trouvé: oyonoeffe@gmail.com
INFO 2025-11-18 04:50:41,826 middleware [MIDDLEWARE] Path: /, User: Blaise pascal (École Primaire), Authenticated: True
INFO 2025-11-18 04:50:41,826 authentication_backends Établissement trouvé: oyonoeffe@gmail.com
INFO 2025-11-18 04:50:41,827 basehttp "GET / HTTP/1.1" 302 0
INFO 2025-11-18 04:50:41,827 middleware [MIDDLEWARE] Path: /dashboard/directeur/, User: Blaise pascal (École Primaire), Authenticated: True
INFO 2025-11-18 04:50:41,836 authentication_backends Établissement trouvé: oyonoeffe@gmail.com
INFO 2025-11-18 04:50:41,836 middleware [MIDDLEWARE] Path: /static/school_admin/img/logo.png, User: Blaise pascal (École Primaire), Authenticated: True
WARNING 2025-11-18 04:50:41,839 log Not Found: /static/school_admin/img/logo.png
WARNING 2025-11-18 04:50:41,841 basehttp "GET /static/school_admin/img/logo.png HTTP/1.1" 404 179
INFO 2025-11-18 04:50:41,970 basehttp "GET /dashboard/directeur/ HTTP/1.1" 200 23399
INFO 2025-11-18 04:50:42,807 authentication_backends Établissement trouvé: oyonoeffe@gmail.com
INFO 2025-11-18 04:50:42,808 middleware [MIDDLEWARE] Path: /dashboard/directeur/, User: Blaise pascal (École Primaire), Authenticated: True
INFO 2025-11-18 04:50:42,908 basehttp "GET /dashboard/directeur/ HTTP/1.1" 200 23399
INFO 2025-11-18 04:50:43,280 authentication_backends Établissement trouvé: oyonoeffe@gmail.com
INFO 2025-11-18 04:50:43,280 middleware [MIDDLEWARE] Path: /service-worker.js, User: Blaise pascal (École Primaire), Authenticated: True
INFO 2025-11-18 04:50:43,281 basehttp "GET /service-worker.js HTTP/1.1" 200 11843
INFO 2025-11-18 04:50:50,989 authentication_backends Établissement trouvé: oyonoeffe@gmail.com
INFO 2025-11-18 04:50:50,989 middleware [MIDDLEWARE] Path: /service-worker.js, User: Blaise pascal (École Primaire), Authenticated: True
INFO 2025-11-18 04:50:50,990 basehttp "GET /service-worker.js HTTP/1.1" 200 11843
INFO 2025-11-18 04:50:51,101 authentication_backends Eleve trouvé: bp2025006@eleve.blaisepascal.sn
INFO 2025-11-18 04:50:51,102 middleware [MIDDLEWARE] Path: /service-worker.js, User: Lamine Coly (BP2025006), Authenticated: True
INFO 2025-11-18 04:50:51,103 basehttp "GET /service-worker.js HTTP/1.1" 200 11843
INFO 2025-11-18 04:50:58,585 authentication_backends Établissement trouvé: oyonoeffe@gmail.com
INFO 2025-11-18 04:50:58,586 middleware [MIDDLEWARE] Path: /dashboard/directeur/, User: Blaise pascal (École Primaire), Authenticated: True
INFO 2025-11-18 04:50:58,686 basehttp "GET /dashboard/directeur/ HTTP/1.1" 200 23399
INFO 2025-11-18 04:50:58,972 authentication_backends Établissement trouvé: oyonoeffe@gmail.com
INFO 2025-11-18 04:50:58,973 middleware [MIDDLEWARE] Path: /firebase-messaging-sw.js, User: Blaise pascal (École Primaire), Authenticated: True
INFO 2025-11-18 04:50:58,973 basehttp "GET /firebase-messaging-sw.js HTTP/1.1" 200 2330
INFO 2025-11-18 04:50:59,086 authentication_backends Établissement trouvé: oyonoeffe@gmail.com
INFO 2025-11-18 04:50:59,086 middleware [MIDDLEWARE] Path: /static/school_admin/img/icons/icon-32x32.png, User: Blaise pascal (École Primaire), Authenticated: True
WARNING 2025-11-18 04:50:59,089 log Not Found: /static/school_admin/img/icons/icon-32x32.png
WARNING 2025-11-18 04:50:59,091 basehttp "GET /static/school_admin/img/icons/icon-32x32.png HTTP/1.1" 404 179
INFO 2025-11-18 04:50:59,150 authentication_backends Établissement trouvé: oyonoeffe@gmail.com
INFO 2025-11-18 04:50:59,151 authentication_backends Établissement trouvé: oyonoeffe@gmail.com
INFO 2025-11-18 04:50:59,151 middleware [MIDDLEWARE] Path: /service-worker.js, User: Blaise pascal (École Primaire), Authenticated: True
INFO 2025-11-18 04:50:59,151 middleware [MIDDLEWARE] Path: /api/fcm/save-token/, User: Blaise pascal (École Primaire), Authenticated: True
INFO 2025-11-18 04:50:59,154 basehttp "GET /service-worker.js HTTP/1.1" 200 11843
INFO 2025-11-18 04:50:59,156 fcm_views Token FCM mis à jour pour Blaise pascal (École Primaire)
INFO 2025-11-18 04:50:59,157 basehttp "POST /api/fcm/save-token/ HTTP/1.1" 200 88
INFO 2025-11-18 04:50:59,169 authentication_backends Établissement trouvé: oyonoeffe@gmail.com
INFO 2025-11-18 04:50:59,170 middleware [MIDDLEWARE] Path: /static/school_admin/img/icons/icon-16x16.png, User: Blaise pascal (École Primaire), Authenticated: True
WARNING 2025-11-18 04:50:59,172 log Not Found: /static/school_admin/img/icons/icon-16x16.png
WARNING 2025-11-18 04:50:59,172 basehttp "GET /static/school_admin/img/icons/icon-16x16.png HTTP/1.1" 404 179
INFO 2025-11-18 04:50:59,334 authentication_backends Établissement trouvé: oyonoeffe@gmail.com
INFO 2025-11-18 04:50:59,335 authentication_backends Établissement trouvé: oyonoeffe@gmail.com
INFO 2025-11-18 04:50:59,335 middleware [MIDDLEWARE] Path: /dashboard/directeur/, User: Blaise pascal (École Primaire), Authenticated: True
INFO 2025-11-18 04:50:59,336 middleware [MIDDLEWARE] Path: /static/school_admin/img/logo.png, User: Blaise pascal (École Primaire), Authenticated: True
WARNING 2025-11-18 04:50:59,338 log Not Found: /static/school_admin/img/logo.png
WARNING 2025-11-18 04:50:59,340 basehttp "GET /static/school_admin/img/logo.png HTTP/1.1" 404 179
INFO 2025-11-18 04:50:59,439 authentication_backends Établissement trouvé: oyonoeffe@gmail.com
INFO 2025-11-18 04:50:59,439 middleware [MIDDLEWARE] Path: /, User: Blaise pascal (École Primaire), Authenticated: True
INFO 2025-11-18 04:50:59,443 basehttp - Broken pipe from ('127.0.0.1', 63720)
INFO 2025-11-18 04:50:59,451 basehttp "GET /dashboard/directeur/ HTTP/1.1" 200 23399
INFO 2025-11-18 04:51:00,308 authentication_backends Établissement trouvé: oyonoeffe@gmail.com
INFO 2025-11-18 04:51:00,308 middleware [MIDDLEWARE] Path: /dashboard/directeur/, User: Blaise pascal (École Primaire), Authenticated: True
INFO 2025-11-18 04:51:00,395 basehttp "GET /dashboard/directeur/ HTTP/1.1" 200 23399
INFO 2025-11-18 04:51:00,665 authentication_backends Établissement trouvé: oyonoeffe@gmail.com
INFO 2025-11-18 04:51:00,666 middleware [MIDDLEWARE] Path: /service-worker.js, User: Blaise pascal (École Primaire), Authenticated: True
INFO 2025-11-18 04:51:00,667 basehttp "GET /service-worker.js HTTP/1.1" 200 11843
INFO 2025-11-18 04:51:08,711 authentication_backends Établissement trouvé: oyonoeffe@gmail.com
INFO 2025-11-18 04:51:08,711 middleware [MIDDLEWARE] Path: /gestion-administrative/, User: Blaise pascal (École Primaire), Authenticated: True
INFO 2025-11-18 04:51:08,714 basehttp "GET /gestion-administrative/ HTTP/1.1" 200 14918
INFO 2025-11-18 04:51:08,763 authentication_backends Établissement trouvé: oyonoeffe@gmail.com
INFO 2025-11-18 04:51:08,764 middleware [MIDDLEWARE] Path: /gestion-administrative/, User: Blaise pascal (École Primaire), Authenticated: True
INFO 2025-11-18 04:51:08,766 basehttp "GET /gestion-administrative/ HTTP/1.1" 200 14918
INFO 2025-11-18 04:51:08,872 authentication_backends Établissement trouvé: oyonoeffe@gmail.com
INFO 2025-11-18 04:51:08,873 middleware [MIDDLEWARE] Path: /static/school_admin/css/directeur/gestion_eleves.css, User: Blaise pascal (École Primaire), Authenticated: True
WARNING 2025-11-18 04:51:08,874 log Not Found: /static/school_admin/css/directeur/gestion_eleves.css
WARNING 2025-11-18 04:51:08,875 basehttp "GET /static/school_admin/css/directeur/gestion_eleves.css HTTP/1.1" 404 179
INFO 2025-11-18 04:51:09,032 authentication_backends Établissement trouvé: oyonoeffe@gmail.com
INFO 2025-11-18 04:51:09,032 middleware [MIDDLEWARE] Path: /favicon.ico, User: Blaise pascal (École Primaire), Authenticated: True
WARNING 2025-11-18 04:51:09,034 log Not Found: /favicon.ico
WARNING 2025-11-18 04:51:09,034 basehttp "GET /favicon.ico HTTP/1.1" 404 179
INFO 2025-11-18 04:51:10,631 authentication_backends Établissement trouvé: oyonoeffe@gmail.com
INFO 2025-11-18 04:51:10,631 middleware [MIDDLEWARE] Path: /service-worker.js, User: Blaise pascal (École Primaire), Authenticated: True
INFO 2025-11-18 04:51:10,631 basehttp "GET /service-worker.js HTTP/1.1" 200 11843
INFO 2025-11-18 04:51:23,835 authentication_backends Établissement trouvé: oyonoeffe@gmail.com
INFO 2025-11-18 04:51:23,836 middleware [MIDDLEWARE] Path: /dashboard/directeur/, User: Blaise pascal (École Primaire), Authenticated: True
INFO 2025-11-18 04:51:23,932 basehttp "GET /dashboard/directeur/ HTTP/1.1" 200 23399
INFO 2025-11-18 04:51:24,199 authentication_backends Établissement trouvé: oyonoeffe@gmail.com
INFO 2025-11-18 04:51:24,199 middleware [MIDDLEWARE] Path: /firebase-messaging-sw.js, User: Blaise pascal (École Primaire), Authenticated: True
INFO 2025-11-18 04:51:24,200 basehttp "GET /firebase-messaging-sw.js HTTP/1.1" 200 2330
INFO 2025-11-18 04:51:24,322 authentication_backends Établissement trouvé: oyonoeffe@gmail.com
INFO 2025-11-18 04:51:24,322 authentication_backends Établissement trouvé: oyonoeffe@gmail.com
INFO 2025-11-18 04:51:24,323 middleware [MIDDLEWARE] Path: /service-worker.js, User: Blaise pascal (École Primaire), Authenticated: True
INFO 2025-11-18 04:51:24,323 middleware [MIDDLEWARE] Path: /api/fcm/save-token/, User: Blaise pascal (École Primaire), Authenticated: True
INFO 2025-11-18 04:51:24,324 basehttp "GET /service-worker.js HTTP/1.1" 200 11843
INFO 2025-11-18 04:51:24,328 fcm_views Token FCM mis à jour pour Blaise pascal (École Primaire)
INFO 2025-11-18 04:51:24,328 basehttp "POST /api/fcm/save-token/ HTTP/1.1" 200 88
INFO 2025-11-18 04:51:24,424 authentication_backends Établissement trouvé: oyonoeffe@gmail.com
INFO 2025-11-18 04:51:24,424 middleware [MIDDLEWARE] Path: /, User: Blaise pascal (École Primaire), Authenticated: True
INFO 2025-11-18 04:51:24,425 basehttp "GET / HTTP/1.1" 302 0
INFO 2025-11-18 04:51:24,429 authentication_backends Établissement trouvé: oyonoeffe@gmail.com
INFO 2025-11-18 04:51:24,429 middleware [MIDDLEWARE] Path: /static/school_admin/img/logo.png, User: Blaise pascal (École Primaire), Authenticated: True
WARNING 2025-11-18 04:51:24,431 log Not Found: /static/school_admin/img/logo.png
WARNING 2025-11-18 04:51:24,432 basehttp "GET /static/school_admin/img/logo.png HTTP/1.1" 404 179
INFO 2025-11-18 04:51:24,438 authentication_backends Établissement trouvé: oyonoeffe@gmail.com
INFO 2025-11-18 04:51:24,439 middleware [MIDDLEWARE] Path: /dashboard/directeur/, User: Blaise pascal (École Primaire), Authenticated: True
INFO 2025-11-18 04:51:24,540 basehttp "GET /dashboard/directeur/ HTTP/1.1" 200 23399
INFO 2025-11-18 04:51:25,420 authentication_backends Établissement trouvé: oyonoeffe@gmail.com
INFO 2025-11-18 04:51:25,420 middleware [MIDDLEWARE] Path: /dashboard/directeur/, User: Blaise pascal (École Primaire), Authenticated: True
INFO 2025-11-18 04:51:25,526 basehttp "GET /dashboard/directeur/ HTTP/1.1" 200 23399
INFO 2025-11-18 04:51:25,802 authentication_backends Établissement trouvé: oyonoeffe@gmail.com
INFO 2025-11-18 04:51:25,803 middleware [MIDDLEWARE] Path: /service-worker.js, User: Blaise pascal (École Primaire), Authenticated: True
INFO 2025-11-18 04:51:25,803 basehttp "GET /service-worker.js HTTP/1.1" 200 11843
INFO 2025-11-18 04:51:27,743 authentication_backends Établissement trouvé: oyonoeffe@gmail.com
INFO 2025-11-18 04:51:27,743 middleware [MIDDLEWARE] Path: /dashboard/directeur/, User: Blaise pascal (École Primaire), Authenticated: True
INFO 2025-11-18 04:51:27,844 basehttp "GET /dashboard/directeur/ HTTP/1.1" 200 23399
INFO 2025-11-18 04:51:27,962 authentication_backends Établissement trouvé: oyonoeffe@gmail.com
INFO 2025-11-18 04:51:27,963 middleware [MIDDLEWARE] Path: /static/school_admin/js/pwa.js, User: Blaise pascal (École Primaire), Authenticated: True
WARNING 2025-11-18 04:51:27,966 log Not Found: /static/school_admin/js/pwa.js
WARNING 2025-11-18 04:51:27,967 basehttp "GET /static/school_admin/js/pwa.js HTTP/1.1" 404 179
INFO 2025-11-18 04:51:27,977 authentication_backends Établissement trouvé: oyonoeffe@gmail.com
INFO 2025-11-18 04:51:27,980 middleware [MIDDLEWARE] Path: /static/school_admin/css/directeur/dashboard_directeur.css, User: Blaise pascal (École Primaire), Authenticated: True
WARNING 2025-11-18 04:51:27,982 log Not Found: /static/school_admin/css/directeur/dashboard_directeur.css
INFO 2025-11-18 04:51:27,984 authentication_backends Établissement trouvé: oyonoeffe@gmail.com
WARNING 2025-11-18 04:51:27,984 basehttp "GET /static/school_admin/css/directeur/dashboard_directeur.css HTTP/1.1" 404 179
INFO 2025-11-18 04:51:27,985 middleware [MIDDLEWARE] Path: /static/school_admin/css/fcm_notifications.css, User: Blaise pascal (École Primaire), Authenticated: True
WARNING 2025-11-18 04:51:27,988 log Not Found: /static/school_admin/css/fcm_notifications.css
INFO 2025-11-18 04:51:27,991 authentication_backends Établissement trouvé: oyonoeffe@gmail.com
WARNING 2025-11-18 04:51:27,992 basehttp "GET /static/school_admin/css/fcm_notifications.css HTTP/1.1" 404 179
INFO 2025-11-18 04:51:27,993 middleware [MIDDLEWARE] Path: /static/school_admin/css/directeur/header_directeur.css, User: Blaise pascal (École Primaire), Authenticated: True
WARNING 2025-11-18 04:51:27,997 log Not Found: /static/school_admin/css/directeur/header_directeur.css
INFO 2025-11-18 04:51:28,000 authentication_backends Établissement trouvé: oyonoeffe@gmail.com
INFO 2025-11-18 04:51:28,001 middleware [MIDDLEWARE] Path: /static/school_admin/img/logo.png, User: Blaise pascal (École Primaire), Authenticated: True
WARNING 2025-11-18 04:51:28,001 basehttp "GET /static/school_admin/css/directeur/header_directeur.css HTTP/1.1" 404 179
WARNING 2025-11-18 04:51:28,004 log Not Found: /static/school_admin/img/logo.png
WARNING 2025-11-18 04:51:28,005 basehttp "GET /static/school_admin/img/logo.png HTTP/1.1" 404 179
INFO 2025-11-18 04:51:28,045 authentication_backends Établissement trouvé: oyonoeffe@gmail.com
INFO 2025-11-18 04:51:28,046 middleware [MIDDLEWARE] Path: /static/school_admin/js/directeur/header_directeur.js, User: Blaise pascal (École Primaire), Authenticated: True
WARNING 2025-11-18 04:51:28,048 log Not Found: /static/school_admin/js/directeur/header_directeur.js
WARNING 2025-11-18 04:51:28,050 basehttp "GET /static/school_admin/js/directeur/header_directeur.js HTTP/1.1" 404 179
INFO 2025-11-18 04:51:28,062 authentication_backends Établissement trouvé: oyonoeffe@gmail.com
INFO 2025-11-18 04:51:28,063 middleware [MIDDLEWARE] Path: /static/school_admin/js/directeur/dashboard_directeur.js, User: Blaise pascal (École Primaire), Authenticated: True
WARNING 2025-11-18 04:51:28,066 log Not Found: /static/school_admin/js/directeur/dashboard_directeur.js
WARNING 2025-11-18 04:51:28,067 basehttp "GET /static/school_admin/js/directeur/dashboard_directeur.js HTTP/1.1" 404 179
INFO 2025-11-18 04:51:28,075 authentication_backends Établissement trouvé: oyonoeffe@gmail.com
INFO 2025-11-18 04:51:28,075 middleware [MIDDLEWARE] Path: /static/school_admin/css/enseignant/bottom_nav.css, User: Blaise pascal (École Primaire), Authenticated: True
WARNING 2025-11-18 04:51:28,079 log Not Found: /static/school_admin/css/enseignant/bottom_nav.css
WARNING 2025-11-18 04:51:28,080 basehttp "GET /static/school_admin/css/enseignant/bottom_nav.css HTTP/1.1" 404 179
INFO 2025-11-18 04:51:28,089 authentication_backends Établissement trouvé: oyonoeffe@gmail.com
INFO 2025-11-18 04:51:28,090 middleware [MIDDLEWARE] Path: /static/school_admin/js/fcm_notifications.js, User: Blaise pascal (École Primaire), Authenticated: True
WARNING 2025-11-18 04:51:28,091 log Not Found: /static/school_admin/js/fcm_notifications.js
WARNING 2025-11-18 04:51:28,092 basehttp "GET /static/school_admin/js/fcm_notifications.js HTTP/1.1" 404 179
INFO 2025-11-18 04:51:28,185 authentication_backends Établissement trouvé: oyonoeffe@gmail.com
INFO 2025-11-18 04:51:28,185 middleware [MIDDLEWARE] Path: /static/school_admin/img/icons/icon-32x32.png, User: Blaise pascal (École Primaire), Authenticated: True
WARNING 2025-11-18 04:51:28,189 log Not Found: /static/school_admin/img/icons/icon-32x32.png
WARNING 2025-11-18 04:51:28,189 basehttp "GET /static/school_admin/img/icons/icon-32x32.png HTTP/1.1" 404 179
INFO 2025-11-18 04:51:28,256 authentication_backends Établissement trouvé: oyonoeffe@gmail.com
INFO 2025-11-18 04:51:28,256 middleware [MIDDLEWARE] Path: /static/school_admin/img/icons/icon-16x16.png, User: Blaise pascal (École Primaire), Authenticated: True
WARNING 2025-11-18 04:51:28,258 log Not Found: /static/school_admin/img/icons/icon-16x16.png
WARNING 2025-11-18 04:51:28,258 basehttp "GET /static/school_admin/img/icons/icon-16x16.png HTTP/1.1" 404 179
INFO 2025-11-18 04:51:28,328 authentication_backends Établissement trouvé: oyonoeffe@gmail.com
INFO 2025-11-18 04:51:28,329 middleware [MIDDLEWARE] Path: /static/school_admin/img/icons/icon-144x144.png, User: Blaise pascal (École Primaire), Authenticated: True
WARNING 2025-11-18 04:51:28,332 log Not Found: /static/school_admin/img/icons/icon-144x144.png
WARNING 2025-11-18 04:51:28,332 basehttp "GET /static/school_admin/img/icons/icon-144x144.png HTTP/1.1" 404 179
INFO 2025-11-18 04:51:33,548 authentication_backends Établissement trouvé: oyonoeffe@gmail.com
INFO 2025-11-18 04:51:33,548 middleware [MIDDLEWARE] Path: /static/school_admin/css/directeur/dashboard_directeur.css, User: Blaise pascal (École Primaire), Authenticated: True
WARNING 2025-11-18 04:51:33,550 log Not Found: /static/school_admin/css/directeur/dashboard_directeur.css
INFO 2025-11-18 04:51:33,551 authentication_backends Établissement trouvé: oyonoeffe@gmail.com
WARNING 2025-11-18 04:51:33,551 basehttp "GET /static/school_admin/css/directeur/dashboard_directeur.css HTTP/1.1" 404 179
INFO 2025-11-18 04:51:33,551 middleware [MIDDLEWARE] Path: /static/school_admin/css/fcm_notifications.css, User: Blaise pascal (École Primaire), Authenticated: True
WARNING 2025-11-18 04:51:33,555 log Not Found: /static/school_admin/css/fcm_notifications.css
WARNING 2025-11-18 04:51:33,557 basehttp "GET /static/school_admin/css/fcm_notifications.css HTTP/1.1" 404 179
INFO 2025-11-18 04:51:33,560 authentication_backends Établissement trouvé: oyonoeffe@gmail.com
INFO 2025-11-18 04:51:33,562 authentication_backends Établissement trouvé: oyonoeffe@gmail.com
INFO 2025-11-18 04:51:33,562 middleware [MIDDLEWARE] Path: /static/school_admin/css/directeur/header_directeur.css, User: Blaise pascal (École Primaire), Authenticated: True
WARNING 2025-11-18 04:51:33,564 log Not Found: /static/school_admin/css/directeur/header_directeur.css
INFO 2025-11-18 04:51:33,564 middleware [MIDDLEWARE] Path: /static/school_admin/css/enseignant/bottom_nav.css, User: Blaise pascal (École Primaire), Authenticated: True
INFO 2025-11-18 04:51:33,565 authentication_backends Établissement trouvé: oyonoeffe@gmail.com
WARNING 2025-11-18 04:51:33,566 log Not Found: /static/school_admin/css/enseignant/bottom_nav.css
WARNING 2025-11-18 04:51:33,566 basehttp "GET /static/school_admin/css/directeur/header_directeur.css HTTP/1.1" 404 179
INFO 2025-11-18 04:51:33,567 middleware [MIDDLEWARE] Path: /.well-known/appspecific/com.chrome.devtools.json, User: Blaise pascal (École Primaire), Authenticated: True
WARNING 2025-11-18 04:51:33,569 log Not Found: /.well-known/appspecific/com.chrome.devtools.json
WARNING 2025-11-18 04:51:33,570 basehttp "GET /static/school_admin/css/enseignant/bottom_nav.css HTTP/1.1" 404 179
WARNING 2025-11-18 04:51:33,570 basehttp "GET /.well-known/appspecific/com.chrome.devtools.json HTTP/1.1" 404 179
INFO 2025-11-18 04:51:50,986 authentication_backends Établissement trouvé: oyonoeffe@gmail.com
INFO 2025-11-18 04:51:50,987 middleware [MIDDLEWARE] Path: /service-worker.js, User: Blaise pascal (École Primaire), Authenticated: True
INFO 2025-11-18 04:51:50,988 basehttp "GET /service-worker.js HTTP/1.1" 200 11843
INFO 2025-11-18 04:51:50,990 authentication_backends Eleve trouvé: bp2025006@eleve.blaisepascal.sn
INFO 2025-11-18 04:51:50,990 middleware [MIDDLEWARE] Path: /service-worker.js, User: Lamine Coly (BP2025006), Authenticated: True
INFO 2025-11-18 04:51:50,991 basehttp "GET /service-worker.js HTTP/1.1" 200 11843
INFO 2025-11-18 04:52:34,658 authentication_backends Établissement trouvé: oyonoeffe@gmail.com
INFO 2025-11-18 04:52:34,658 middleware [MIDDLEWARE] Path: /profil/etablissement/, User: Blaise pascal (École Primaire), Authenticated: True
INFO 2025-11-18 04:52:34,662 basehttp "GET /profil/etablissement/ HTTP/1.1" 200 16373
INFO 2025-11-18 04:52:34,824 authentication_backends Établissement trouvé: oyonoeffe@gmail.com
INFO 2025-11-18 04:52:34,824 authentication_backends Établissement trouvé: oyonoeffe@gmail.com
INFO 2025-11-18 04:52:34,825 middleware [MIDDLEWARE] Path: /media/etablissements/logos/school-logo-design-template-a4b96bce10c5f6e2b5bdd93966e97c46_screen.jpg, User: Blaise pascal (École Primaire), Authenticated: True
INFO 2025-11-18 04:52:34,825 middleware [MIDDLEWARE] Path: /.well-known/appspecific/com.chrome.devtools.json, User: Blaise pascal (École Primaire), Authenticated: True
WARNING 2025-11-18 04:52:34,827 log Not Found: /media/etablissements/logos/school-logo-design-template-a4b96bce10c5f6e2b5bdd93966e97c46_screen.jpg
WARNING 2025-11-18 04:52:34,831 log Not Found: /.well-known/appspecific/com.chrome.devtools.json
WARNING 2025-11-18 04:52:34,831 basehttp "GET /.well-known/appspecific/com.chrome.devtools.json HTTP/1.1" 404 179
WARNING 2025-11-18 04:52:34,831 basehttp "GET /media/etablissements/logos/school-logo-design-template-a4b96bce10c5f6e2b5bdd93966e97c46_screen.jpg HTTP/1.1" 404 179
INFO 2025-11-18 04:52:34,916 authentication_backends Établissement trouvé: oyonoeffe@gmail.com
INFO 2025-11-18 04:52:34,916 middleware [MIDDLEWARE] Path: /static/school_admin/css/directeur/mon_profil_etablissement.css, User: Blaise pascal (École Primaire), Authenticated: True
WARNING 2025-11-18 04:52:34,919 log Not Found: /static/school_admin/css/directeur/mon_profil_etablissement.css
WARNING 2025-11-18 04:52:34,919 basehttp "GET /static/school_admin/css/directeur/mon_profil_etablissement.css HTTP/1.1" 404 179
INFO 2025-11-18 04:52:35,132 authentication_backends Établissement trouvé: oyonoeffe@gmail.com
INFO 2025-11-18 04:52:35,132 middleware [MIDDLEWARE] Path: /media/etablissements/logos/school-logo-design-template-a4b96bce10c5f6e2b5bdd93966e97c46_screen.jpg, User: Blaise pascal (École Primaire), Authenticated: True
WARNING 2025-11-18 04:52:35,135 log Not Found: /media/etablissements/logos/school-logo-design-template-a4b96bce10c5f6e2b5bdd93966e97c46_screen.jpg
WARNING 2025-11-18 04:52:35,135 basehttp "GET /media/etablissements/logos/school-logo-design-template-a4b96bce10c5f6e2b5bdd93966e97c46_screen.jpg HTTP/1.1" 404 179
INFO 2025-11-18 04:52:35,299 authentication_backends Établissement trouvé: oyonoeffe@gmail.com
INFO 2025-11-18 04:52:35,300 middleware [MIDDLEWARE] Path: /favicon.ico, User: Blaise pascal (École Primaire), Authenticated: True
WARNING 2025-11-18 04:52:35,301 log Not Found: /favicon.ico
WARNING 2025-11-18 04:52:35,302 basehttp "GET /favicon.ico HTTP/1.1" 404 179
INFO 2025-11-18 04:52:36,332 authentication_backends Établissement trouvé: oyonoeffe@gmail.com
INFO 2025-11-18 04:52:36,332 middleware [MIDDLEWARE] Path: /profil/etablissement/, User: Blaise pascal (École Primaire), Authenticated: True
INFO 2025-11-18 04:52:36,335 basehttp "GET /profil/etablissement/ HTTP/1.1" 200 16373
INFO 2025-11-18 04:52:36,454 authentication_backends Établissement trouvé: oyonoeffe@gmail.com
INFO 2025-11-18 04:52:36,454 middleware [MIDDLEWARE] Path: /.well-known/appspecific/com.chrome.devtools.json, User: Blaise pascal (École Primaire), Authenticated: True
WARNING 2025-11-18 04:52:36,457 log Not Found: /.well-known/appspecific/com.chrome.devtools.json
WARNING 2025-11-18 04:52:36,457 basehttp "GET /.well-known/appspecific/com.chrome.devtools.json HTTP/1.1" 404 179
INFO 2025-11-18 04:52:36,473 authentication_backends Établissement trouvé: oyonoeffe@gmail.com
INFO 2025-11-18 04:52:36,473 authentication_backends Établissement trouvé: oyonoeffe@gmail.com
INFO 2025-11-18 04:52:36,473 middleware [MIDDLEWARE] Path: /media/etablissements/logos/school-logo-design-template-a4b96bce10c5f6e2b5bdd93966e97c46_screen.jpg, User: Blaise pascal (École Primaire), Authenticated: True
WARNING 2025-11-18 04:52:36,475 log Not Found: /media/etablissements/logos/school-logo-design-template-a4b96bce10c5f6e2b5bdd93966e97c46_screen.jpg
INFO 2025-11-18 04:52:36,475 middleware [MIDDLEWARE] Path: /static/school_admin/css/directeur/mon_profil_etablissement.css, User: Blaise pascal (École Primaire), Authenticated: True
WARNING 2025-11-18 04:52:36,477 log Not Found: /static/school_admin/css/directeur/mon_profil_etablissement.css
WARNING 2025-11-18 04:52:36,477 basehttp "GET /media/etablissements/logos/school-logo-design-template-a4b96bce10c5f6e2b5bdd93966e97c46_screen.jpg HTTP/1.1" 404 179
WARNING 2025-11-18 04:52:36,478 basehttp "GET /static/school_admin/css/directeur/mon_profil_etablissement.css HTTP/1.1" 404 179
INFO 2025-11-18 04:52:36,631 authentication_backends Établissement trouvé: oyonoeffe@gmail.com
INFO 2025-11-18 04:52:36,631 middleware [MIDDLEWARE] Path: /media/etablissements/logos/school-logo-design-template-a4b96bce10c5f6e2b5bdd93966e97c46_screen.jpg, User: Blaise pascal (École Primaire), Authenticated: True
WARNING 2025-11-18 04:52:36,633 log Not Found: /media/etablissements/logos/school-logo-design-template-a4b96bce10c5f6e2b5bdd93966e97c46_screen.jpg
WARNING 2025-11-18 04:52:36,634 basehttp "GET /media/etablissements/logos/school-logo-design-template-a4b96bce10c5f6e2b5bdd93966e97c46_screen.jpg HTTP/1.1" 404 179
INFO 2025-11-18 04:52:36,806 authentication_backends Établissement trouvé: oyonoeffe@gmail.com
INFO 2025-11-18 04:52:36,806 middleware [MIDDLEWARE] Path: /service-worker.js, User: Blaise pascal (École Primaire), Authenticated: True
INFO 2025-11-18 04:52:36,807 basehttp "GET /service-worker.js HTTP/1.1" 200 11843
INFO 2025-11-18 04:52:38,442 authentication_backends Établissement trouvé: oyonoeffe@gmail.com
INFO 2025-11-18 04:52:38,442 middleware [MIDDLEWARE] Path: /service-worker.js, User: Blaise pascal (École Primaire), Authenticated: True
INFO 2025-11-18 04:52:38,443 basehttp "GET /service-worker.js HTTP/1.1" 200 11843
INFO 2025-11-18 04:52:38,892 authentication_backends Établissement trouvé: oyonoeffe@gmail.com
INFO 2025-11-18 04:52:38,892 middleware [MIDDLEWARE] Path: /profil/etablissement/, User: Blaise pascal (École Primaire), Authenticated: True
INFO 2025-11-18 04:52:38,895 basehttp "GET /profil/etablissement/ HTTP/1.1" 200 16373
INFO 2025-11-18 04:52:39,008 authentication_backends Établissement trouvé: oyonoeffe@gmail.com
INFO 2025-11-18 04:52:39,009 middleware [MIDDLEWARE] Path: /.well-known/appspecific/com.chrome.devtools.json, User: Blaise pascal (École Primaire), Authenticated: True
WARNING 2025-11-18 04:52:39,011 log Not Found: /.well-known/appspecific/com.chrome.devtools.json
WARNING 2025-11-18 04:52:39,011 basehttp "GET /.well-known/appspecific/com.chrome.devtools.json HTTP/1.1" 404 179
INFO 2025-11-18 04:52:39,016 authentication_backends Établissement trouvé: oyonoeffe@gmail.com
INFO 2025-11-18 04:52:39,018 middleware [MIDDLEWARE] Path: /static/school_admin/css/directeur/mon_profil_etablissement.css, User: Blaise pascal (École Primaire), Authenticated: True
WARNING 2025-11-18 04:52:39,019 log Not Found: /static/school_admin/css/directeur/mon_profil_etablissement.css
WARNING 2025-11-18 04:52:39,020 basehttp "GET /static/school_admin/css/directeur/mon_profil_etablissement.css HTTP/1.1" 404 179
INFO 2025-11-18 04:52:39,114 authentication_backends Établissement trouvé: oyonoeffe@gmail.com
INFO 2025-11-18 04:52:39,114 middleware [MIDDLEWARE] Path: /media/etablissements/logos/school-logo-design-template-a4b96bce10c5f6e2b5bdd93966e97c46_screen.jpg, User: Blaise pascal (École Primaire), Authenticated: True
WARNING 2025-11-18 04:52:39,116 log Not Found: /media/etablissements/logos/school-logo-design-template-a4b96bce10c5f6e2b5bdd93966e97c46_screen.jpg
WARNING 2025-11-18 04:52:39,116 basehttp "GET /media/etablissements/logos/school-logo-design-template-a4b96bce10c5f6e2b5bdd93966e97c46_screen.jpg HTTP/1.1" 404 179
INFO 2025-11-18 04:52:39,193 authentication_backends Établissement trouvé: oyonoeffe@gmail.com
INFO 2025-11-18 04:52:39,195 middleware [MIDDLEWARE] Path: /media/etablissements/logos/school-logo-design-template-a4b96bce10c5f6e2b5bdd93966e97c46_screen.jpg, User: Blaise pascal (École Primaire), Authenticated: True
WARNING 2025-11-18 04:52:39,197 log Not Found: /media/etablissements/logos/school-logo-design-template-a4b96bce10c5f6e2b5bdd93966e97c46_screen.jpg
WARNING 2025-11-18 04:52:39,197 basehttp "GET /media/etablissements/logos/school-logo-design-template-a4b96bce10c5f6e2b5bdd93966e97c46_screen.jpg HTTP/1.1" 404 179
INFO 2025-11-18 04:52:40,933 authentication_backends Établissement trouvé: oyonoeffe@gmail.com
INFO 2025-11-18 04:52:40,934 middleware [MIDDLEWARE] Path: /service-worker.js, User: Blaise pascal (École Primaire), Authenticated: True
INFO 2025-11-18 04:52:40,934 basehttp "GET /service-worker.js HTTP/1.1" 200 11843
INFO 2025-11-18 04:52:45,315 authentication_backends Établissement trouvé: oyonoeffe@gmail.com
INFO 2025-11-18 04:52:45,316 middleware [MIDDLEWARE] Path: /.well-known/appspecific/com.chrome.devtools.json, User: Blaise pascal (École Primaire), Authenticated: True
WARNING 2025-11-18 04:52:45,317 log Not Found: /.well-known/appspecific/com.chrome.devtools.json
WARNING 2025-11-18 04:52:45,318 basehttp "GET /.well-known/appspecific/com.chrome.devtools.json HTTP/1.1" 404 179
INFO 2025-11-18 04:52:45,326 authentication_backends Établissement trouvé: oyonoeffe@gmail.com
INFO 2025-11-18 04:52:45,327 middleware [MIDDLEWARE] Path: /static/school_admin/img/icons/icon-144x144.png, User: Blaise pascal (École Primaire), Authenticated: True
WARNING 2025-11-18 04:52:45,329 log Not Found: /static/school_admin/img/icons/icon-144x144.png
WARNING 2025-11-18 04:52:45,329 basehttp "GET /static/school_admin/img/icons/icon-144x144.png HTTP/1.1" 404 179
INFO 2025-11-18 04:52:45,366 authentication_backends Établissement trouvé: oyonoeffe@gmail.com
INFO 2025-11-18 04:52:45,366 middleware [MIDDLEWARE] Path: /.well-known/appspecific/com.chrome.devtools.json, User: Blaise pascal (École Primaire), Authenticated: True
WARNING 2025-11-18 04:52:45,368 log Not Found: /.well-known/appspecific/com.chrome.devtools.json
WARNING 2025-11-18 04:52:45,368 basehttp "GET /.well-known/appspecific/com.chrome.devtools.json HTTP/1.1" 404 179
INFO 2025-11-18 04:52:46,139 authentication_backends Établissement trouvé: oyonoeffe@gmail.com
INFO 2025-11-18 04:52:46,140 middleware [MIDDLEWARE] Path: /.well-known/appspecific/com.chrome.devtools.json, User: Blaise pascal (École Primaire), Authenticated: True
WARNING 2025-11-18 04:52:46,143 log Not Found: /.well-known/appspecific/com.chrome.devtools.json
WARNING 2025-11-18 04:52:46,143 basehttp "GET /.well-known/appspecific/com.chrome.devtools.json HTTP/1.1" 404 179
INFO 2025-11-18 04:52:46,158 authentication_backends Établissement trouvé: oyonoeffe@gmail.com
INFO 2025-11-18 04:52:46,160 middleware [MIDDLEWARE] Path: /gestion-administrative/, User: Blaise pascal (École Primaire), Authenticated: True
INFO 2025-11-18 04:52:46,160 authentication_backends Établissement trouvé: oyonoeffe@gmail.com
INFO 2025-11-18 04:52:46,163 basehttp "GET /gestion-administrative/ HTTP/1.1" 200 14918
INFO 2025-11-18 04:52:46,163 middleware [MIDDLEWARE] Path: /static/school_admin/css/directeur/gestion_eleves.css, User: Blaise pascal (École Primaire), Authenticated: True
WARNING 2025-11-18 04:52:46,166 log Not Found: /static/school_admin/css/directeur/gestion_eleves.css
WARNING 2025-11-18 04:52:46,167 basehttp "GET /static/school_admin/css/directeur/gestion_eleves.css HTTP/1.1" 404 179
INFO 2025-11-18 04:52:46,299 authentication_backends Établissement trouvé: oyonoeffe@gmail.com
INFO 2025-11-18 04:52:46,299 middleware [MIDDLEWARE] Path: /.well-known/appspecific/com.chrome.devtools.json, User: Blaise pascal (École Primaire), Authenticated: True
WARNING 2025-11-18 04:52:46,301 log Not Found: /.well-known/appspecific/com.chrome.devtools.json
WARNING 2025-11-18 04:52:46,301 basehttp "GET /.well-known/appspecific/com.chrome.devtools.json HTTP/1.1" 404 179
INFO 2025-11-18 04:52:47,329 authentication_backends Établissement trouvé: oyonoeffe@gmail.com
INFO 2025-11-18 04:52:47,329 middleware [MIDDLEWARE] Path: /.well-known/appspecific/com.chrome.devtools.json, User: Blaise pascal (École Primaire), Authenticated: True
WARNING 2025-11-18 04:52:47,332 log Not Found: /.well-known/appspecific/com.chrome.devtools.json
WARNING 2025-11-18 04:52:47,332 basehttp "GET /.well-known/appspecific/com.chrome.devtools.json HTTP/1.1" 404 179
INFO 2025-11-18 04:52:47,609 authentication_backends Établissement trouvé: oyonoeffe@gmail.com
INFO 2025-11-18 04:52:47,609 middleware [MIDDLEWARE] Path: /firebase-messaging-sw.js, User: Blaise pascal (École Primaire), Authenticated: True
INFO 2025-11-18 04:52:47,610 basehttp "GET /firebase-messaging-sw.js HTTP/1.1" 200 2330
INFO 2025-11-18 04:52:47,758 authentication_backends Établissement trouvé: oyonoeffe@gmail.com
INFO 2025-11-18 04:52:47,758 middleware [MIDDLEWARE] Path: /service-worker.js, User: Blaise pascal (École Primaire), Authenticated: True
INFO 2025-11-18 04:52:47,760 basehttp "GET /service-worker.js HTTP/1.1" 200 11843
INFO 2025-11-18 04:52:47,765 authentication_backends Établissement trouvé: oyonoeffe@gmail.com
INFO 2025-11-18 04:52:47,766 middleware [MIDDLEWARE] Path: /api/fcm/save-token/, User: Blaise pascal (École Primaire), Authenticated: True
INFO 2025-11-18 04:52:47,770 fcm_views Token FCM mis à jour pour Blaise pascal (École Primaire)
INFO 2025-11-18 04:52:47,772 basehttp "POST /api/fcm/save-token/ HTTP/1.1" 200 88
INFO 2025-11-18 04:52:47,868 authentication_backends Établissement trouvé: oyonoeffe@gmail.com
INFO 2025-11-18 04:52:47,869 middleware [MIDDLEWARE] Path: /, User: Blaise pascal (École Primaire), Authenticated: True
INFO 2025-11-18 04:52:47,870 basehttp "GET / HTTP/1.1" 302 0
INFO 2025-11-18 04:52:47,876 authentication_backends Établissement trouvé: oyonoeffe@gmail.com
INFO 2025-11-18 04:52:47,876 middleware [MIDDLEWARE] Path: /dashboard/directeur/, User: Blaise pascal (École Primaire), Authenticated: True
INFO 2025-11-18 04:52:47,878 authentication_backends Établissement trouvé: oyonoeffe@gmail.com
INFO 2025-11-18 04:52:47,878 middleware [MIDDLEWARE] Path: /static/school_admin/img/logo.png, User: Blaise pascal (École Primaire), Authenticated: True
WARNING 2025-11-18 04:52:47,880 log Not Found: /static/school_admin/img/logo.png
WARNING 2025-11-18 04:52:47,882 basehttp "GET /static/school_admin/img/logo.png HTTP/1.1" 404 179
INFO 2025-11-18 04:52:48,043 basehttp "GET /dashboard/directeur/ HTTP/1.1" 200 23399
INFO 2025-11-18 04:52:48,855 authentication_backends Établissement trouvé: oyonoeffe@gmail.com
INFO 2025-11-18 04:52:48,856 middleware [MIDDLEWARE] Path: /dashboard/directeur/, User: Blaise pascal (École Primaire), Authenticated: True
INFO 2025-11-18 04:52:48,963 basehttp "GET /dashboard/directeur/ HTTP/1.1" 200 23399
INFO 2025-11-18 04:52:49,507 authentication_backends Établissement trouvé: oyonoeffe@gmail.com
INFO 2025-11-18 04:52:49,507 middleware [MIDDLEWARE] Path: /gestion-pedagogique/, User: Blaise pascal (École Primaire), Authenticated: True
INFO 2025-11-18 04:52:49,511 basehttp "GET /gestion-pedagogique/ HTTP/1.1" 200 15440
INFO 2025-11-18 04:52:49,517 authentication_backends Établissement trouvé: oyonoeffe@gmail.com
INFO 2025-11-18 04:52:49,518 middleware [MIDDLEWARE] Path: /service-worker.js, User: Blaise pascal (École Primaire), Authenticated: True
INFO 2025-11-18 04:52:49,518 basehttp "GET /service-worker.js HTTP/1.1" 200 11843
INFO 2025-11-18 04:52:49,558 authentication_backends Établissement trouvé: oyonoeffe@gmail.com
INFO 2025-11-18 04:52:49,559 middleware [MIDDLEWARE] Path: /gestion-pedagogique/, User: Blaise pascal (École Primaire), Authenticated: True
INFO 2025-11-18 04:52:49,562 basehttp "GET /gestion-pedagogique/ HTTP/1.1" 200 15440
INFO 2025-11-18 04:52:49,688 authentication_backends Établissement trouvé: oyonoeffe@gmail.com
INFO 2025-11-18 04:52:49,688 middleware [MIDDLEWARE] Path: /.well-known/appspecific/com.chrome.devtools.json, User: Blaise pascal (École Primaire), Authenticated: True
WARNING 2025-11-18 04:52:49,690 log Not Found: /.well-known/appspecific/com.chrome.devtools.json
WARNING 2025-11-18 04:52:49,691 basehttp "GET /.well-known/appspecific/com.chrome.devtools.json HTTP/1.1" 404 179
INFO 2025-11-18 04:52:49,711 authentication_backends Établissement trouvé: oyonoeffe@gmail.com
INFO 2025-11-18 04:52:49,711 middleware [MIDDLEWARE] Path: /static/school_admin/css/directeur/gestion_pedagogique.css, User: Blaise pascal (École Primaire), Authenticated: True
WARNING 2025-11-18 04:52:49,714 log Not Found: /static/school_admin/css/directeur/gestion_pedagogique.css
INFO 2025-11-18 04:52:49,714 authentication_backends Établissement trouvé: oyonoeffe@gmail.com
INFO 2025-11-18 04:52:49,714 middleware [MIDDLEWARE] Path: /static/school_admin/js/directeur/gestion_pedagogique.js, User: Blaise pascal (École Primaire), Authenticated: True
WARNING 2025-11-18 04:52:49,714 basehttp "GET /static/school_admin/css/directeur/gestion_pedagogique.css HTTP/1.1" 404 179
WARNING 2025-11-18 04:52:49,716 log Not Found: /static/school_admin/js/directeur/gestion_pedagogique.js
WARNING 2025-11-18 04:52:49,716 basehttp "GET /static/school_admin/js/directeur/gestion_pedagogique.js HTTP/1.1" 404 179
INFO 2025-11-18 04:52:50,991 authentication_backends Établissement trouvé: oyonoeffe@gmail.com
INFO 2025-11-18 04:52:50,992 middleware [MIDDLEWARE] Path: /service-worker.js, User: Blaise pascal (École Primaire), Authenticated: True
INFO 2025-11-18 04:52:50,994 basehttp "GET /service-worker.js HTTP/1.1" 200 11843
INFO 2025-11-18 04:52:50,999 authentication_backends Eleve trouvé: bp2025006@eleve.blaisepascal.sn
INFO 2025-11-18 04:52:51,000 middleware [MIDDLEWARE] Path: /service-worker.js, User: Lamine Coly (BP2025006), Authenticated: True
INFO 2025-11-18 04:52:51,000 basehttp "GET /service-worker.js HTTP/1.1" 200 11843
INFO 2025-11-18 04:52:51,200 authentication_backends Établissement trouvé: oyonoeffe@gmail.com
INFO 2025-11-18 04:52:51,201 middleware [MIDDLEWARE] Path: /profil/etablissement/, User: Blaise pascal (École Primaire), Authenticated: True
INFO 2025-11-18 04:52:51,205 basehttp "GET /profil/etablissement/ HTTP/1.1" 200 16373
INFO 2025-11-18 04:52:51,355 authentication_backends Établissement trouvé: oyonoeffe@gmail.com
INFO 2025-11-18 04:52:51,356 middleware [MIDDLEWARE] Path: /.well-known/appspecific/com.chrome.devtools.json, User: Blaise pascal (École Primaire), Authenticated: True
WARNING 2025-11-18 04:52:51,359 log Not Found: /.well-known/appspecific/com.chrome.devtools.json
WARNING 2025-11-18 04:52:51,359 basehttp "GET /.well-known/appspecific/com.chrome.devtools.json HTTP/1.1" 404 179
INFO 2025-11-18 04:52:51,376 authentication_backends Établissement trouvé: oyonoeffe@gmail.com
INFO 2025-11-18 04:52:51,376 authentication_backends Établissement trouvé: oyonoeffe@gmail.com
INFO 2025-11-18 04:52:51,377 middleware [MIDDLEWARE] Path: /media/etablissements/logos/school-logo-design-template-a4b96bce10c5f6e2b5bdd93966e97c46_screen.jpg, User: Blaise pascal (École Primaire), Authenticated: True
WARNING 2025-11-18 04:52:51,378 log Not Found: /media/etablissements/logos/school-logo-design-template-a4b96bce10c5f6e2b5bdd93966e97c46_screen.jpg
INFO 2025-11-18 04:52:51,378 middleware [MIDDLEWARE] Path: /static/school_admin/css/directeur/mon_profil_etablissement.css, User: Blaise pascal (École Primaire), Authenticated: True
WARNING 2025-11-18 04:52:51,380 log Not Found: /static/school_admin/css/directeur/mon_profil_etablissement.css
WARNING 2025-11-18 04:52:51,380 basehttp "GET /media/etablissements/logos/school-logo-design-template-a4b96bce10c5f6e2b5bdd93966e97c46_screen.jpg HTTP/1.1" 404 179
WARNING 2025-11-18 04:52:51,380 basehttp "GET /static/school_admin/css/directeur/mon_profil_etablissement.css HTTP/1.1" 404 179
INFO 2025-11-18 04:52:51,560 authentication_backends Établissement trouvé: oyonoeffe@gmail.com
INFO 2025-11-18 04:52:51,561 middleware [MIDDLEWARE] Path: /media/etablissements/logos/school-logo-design-template-a4b96bce10c5f6e2b5bdd93966e97c46_screen.jpg, User: Blaise pascal (École Primaire), Authenticated: True
WARNING 2025-11-18 04:52:51,563 log Not Found: /media/etablissements/logos/school-logo-design-template-a4b96bce10c5f6e2b5bdd93966e97c46_screen.jpg
WARNING 2025-11-18 04:52:51,564 basehttp "GET /media/etablissements/logos/school-logo-design-template-a4b96bce10c5f6e2b5bdd93966e97c46_screen.jpg HTTP/1.1" 404 179
INFO 2025-11-18 04:52:51,829 authentication_backends Établissement trouvé: oyonoeffe@gmail.com
INFO 2025-11-18 04:52:51,829 middleware [MIDDLEWARE] Path: /service-worker.js, User: Blaise pascal (École Primaire), Authenticated: True
INFO 2025-11-18 04:52:51,830 basehttp "GET /service-worker.js HTTP/1.1" 200 11843
INFO 2025-11-18 04:52:53,326 authentication_backends Établissement trouvé: oyonoeffe@gmail.com
INFO 2025-11-18 04:52:53,327 middleware [MIDDLEWARE] Path: /service-worker.js, User: Blaise pascal (École Primaire), Authenticated: True
INFO 2025-11-18 04:52:53,327 basehttp "GET /service-worker.js HTTP/1.1" 200 11843
INFO 2025-11-18 04:53:50,989 authentication_backends Établissement trouvé: oyonoeffe@gmail.com
INFO 2025-11-18 04:53:50,990 middleware [MIDDLEWARE] Path: /service-worker.js, User: Blaise pascal (École Primaire), Authenticated: True
INFO 2025-11-18 04:53:50,992 basehttp "GET /service-worker.js HTTP/1.1" 200 11843
INFO 2025-11-18 04:53:50,999 authentication_backends Eleve trouvé: bp2025006@eleve.blaisepascal.sn
INFO 2025-11-18 04:53:51,000 middleware [MIDDLEWARE] Path: /service-worker.js, User: Lamine Coly (BP2025006), Authenticated: True
INFO 2025-11-18 04:53:51,001 basehttp "GET /service-worker.js HTTP/1.1" 200 11843
INFO 2025-11-18 04:54:27,288 autoreload C:\Users\jomas\Desktop\goo_school\school\settings.py changed, reloading.
INFO 2025-11-18 04:54:28,098 autoreload Watching for file changes with StatReloader
INFO 2025-11-18 04:54:31,371 autoreload C:\Users\jomas\Desktop\goo_school\school\settings.py changed, reloading.
